CustomerID,Age,Income,LoanAmount,LoanTerm,CreditHistory,PropertyArea,MaritalStatus,LoanStatus,DefaultRisk,TransactionCount,FraudFlag
1,59,143654.0,1179924.0,360,1.0,Rural,Married,1,1,42.0,0
2,49,36032.0,1344380.0,240,0.0,Urban,Married,1,0,20.0,0
3,35,22198.0,1936185.0,180,0.0,Rural,Divorced,1,0,6.0,0
4,63,80500.0,235832.0,180,1.0,Semiurban,Divorced,1,1,35.0,0
5,28,73394.0,1443499.0,360,1.0,Semiurban,Married,1,0,32.0,0
6,41,40079.0,383780.0,300,1.0,Urban,Married,0,0,11.0,0
7,59,,,240,1.0,Rural,Divorced,1,0,34.0,0
8,39,61874.0,1202127.0,300,,Rural,Married,1,0,47.0,0
9,43,33859.0,504772.0,300,,Rural,Married,1,0,11.0,0
10,31,70460.0,1815499.0,300,1.0,Semiurban,Married,1,1,40.0,0
11,31,51419.0,671107.0,180,1.0,Urban,Single,1,0,,0
12,44,138865.0,1484490.0,360,1.0,Rural,Married,1,0,28.0,0
13,56,28705.0,1108559.0,180,1.0,Semiurban,Single,0,0,43.0,0
14,60,62880.0,520182.0,360,0.0,Semiurban,Married,0,0,8.0,0
15,44,149838.0,1361357.0,240,1.0,Semiurban,Divorced,1,0,33.0,0
16,23,43236.0,1601681.0,240,1.0,Rural,Single,0,0,,0
17,42,107955.0,782347.0,300,1.0,Rural,Single,0,0,9.0,0
18,22,105514.0,1122378.0,360,1.0,Rural,Married,0,1,33.0,0
19,44,123145.0,,360,1.0,Rural,Married,1,0,34.0,0
20,64,35358.0,648884.0,360,1.0,Rural,Single,1,0,33.0,0
21,50,119713.0,950538.0,300,0.0,Rural,Divorced,1,1,30.0,0
22,58,114914.0,1125014.0,300,1.0,Rural,Divorced,1,0,23.0,0
23,22,122870.0,1087471.0,240,1.0,Rural,Married,0,0,30.0,0
24,41,96918.0,159182.0,180,1.0,Rural,Divorced,1,0,41.0,0
25,53,139179.0,449307.0,360,1.0,Semiurban,Divorced,1,0,31.0,0
26,32,136243.0,401454.0,360,0.0,Rural,Married,1,0,34.0,0
27,42,34596.0,1466808.0,180,1.0,Urban,Divorced,0,0,34.0,0
28,64,53572.0,1801667.0,360,1.0,Semiurban,Married,0,0,7.0,0
29,45,,1288554.0,300,1.0,Rural,Single,0,0,47.0,0
30,47,21279.0,923346.0,300,1.0,Urban,Married,1,0,11.0,0
31,62,83197.0,996782.0,360,1.0,Rural,Single,1,0,13.0,0
32,48,131496.0,1718243.0,300,0.0,Urban,Single,1,1,45.0,0
33,36,82516.0,,300,1.0,Urban,Divorced,1,1,46.0,0
34,35,27083.0,870188.0,360,1.0,Urban,Divorced,1,1,17.0,0
35,64,140674.0,358517.0,240,0.0,Urban,Divorced,1,0,19.0,1
36,23,140307.0,1055154.0,180,0.0,Semiurban,Married,0,0,9.0,0
37,57,146457.0,1588673.0,300,0.0,Semiurban,Divorced,1,0,33.0,0
38,27,129397.0,1457133.0,240,0.0,Urban,Single,1,0,39.0,0
39,41,37771.0,237084.0,300,1.0,Rural,Divorced,0,0,31.0,0
40,29,49975.0,805475.0,300,1.0,Urban,Divorced,1,0,31.0,0
41,59,65648.0,1942159.0,180,1.0,Semiurban,Married,1,0,12.0,0
42,38,145641.0,682004.0,300,1.0,Rural,Married,1,0,36.0,0
43,24,68285.0,980179.0,180,,Semiurban,Single,1,1,,1
44,45,39063.0,848013.0,180,,Semiurban,Married,1,0,14.0,0
45,34,87642.0,791738.0,180,1.0,Rural,Divorced,1,0,17.0,0
46,29,110093.0,1846588.0,240,1.0,Urban,Married,0,0,33.0,0
47,46,134390.0,1352078.0,360,1.0,Urban,Single,0,0,39.0,0
48,22,106143.0,,240,1.0,Urban,Divorced,0,0,12.0,0
49,40,57599.0,524226.0,360,1.0,Urban,Single,1,0,33.0,0
50,48,71920.0,1670439.0,360,0.0,Rural,Married,0,0,35.0,0
51,27,48529.0,1270575.0,180,1.0,Rural,Married,0,1,45.0,0
52,64,55954.0,1263369.0,300,1.0,Rural,Single,0,1,34.0,0
53,28,47856.0,1605949.0,180,1.0,Semiurban,Divorced,1,1,26.0,0
54,55,22573.0,1518897.0,300,1.0,Rural,Married,1,1,25.0,0
55,34,98344.0,112289.0,360,1.0,Urban,Married,1,0,16.0,0
56,37,55367.0,800336.0,180,1.0,Semiurban,Divorced,1,0,15.0,0
57,56,,798956.0,300,1.0,Urban,Married,1,0,6.0,0
58,60,126732.0,1904377.0,240,1.0,Urban,Single,1,0,,0
59,24,119608.0,1405944.0,300,1.0,Rural,Married,1,0,6.0,0
60,22,80774.0,186365.0,180,1.0,Rural,Married,1,1,38.0,0
61,26,43752.0,,240,1.0,Urban,Divorced,0,0,,0
62,62,75029.0,275211.0,300,0.0,Urban,Single,1,0,20.0,0
63,24,37685.0,1328361.0,300,1.0,Semiurban,Divorced,1,0,8.0,0
64,49,71693.0,1221164.0,300,0.0,Rural,Married,1,1,27.0,0
65,38,136739.0,163646.0,300,1.0,Semiurban,Married,1,0,24.0,0
66,46,75961.0,365798.0,300,1.0,Semiurban,Divorced,0,1,29.0,0
67,64,126937.0,1630814.0,240,0.0,Semiurban,Divorced,0,1,34.0,0
68,54,144956.0,1953751.0,360,0.0,Urban,Divorced,1,1,22.0,0
69,30,96908.0,1983376.0,240,1.0,Semiurban,Single,0,1,46.0,0
70,56,145537.0,1893961.0,240,1.0,Semiurban,Married,1,1,15.0,0
71,34,146678.0,829532.0,240,0.0,Urban,Divorced,1,0,33.0,0
72,51,94532.0,1023945.0,360,1.0,Rural,Married,1,0,21.0,0
73,35,101994.0,1268311.0,180,0.0,Rural,Single,1,0,30.0,0
74,28,76133.0,255683.0,360,1.0,Semiurban,Single,1,0,27.0,0
75,34,117425.0,1006323.0,240,1.0,Urban,Single,1,1,24.0,0
76,43,,732259.0,300,1.0,Rural,Single,1,0,49.0,0
77,60,81268.0,636437.0,300,1.0,Semiurban,Married,1,1,6.0,0
78,41,112201.0,1510822.0,240,1.0,Semiurban,Single,1,0,28.0,0
79,36,58243.0,1469909.0,300,1.0,Urban,Single,1,0,35.0,0
80,38,77384.0,1911840.0,240,0.0,Semiurban,Divorced,0,1,31.0,0
81,44,51653.0,666956.0,300,0.0,Rural,Single,1,0,6.0,0
82,46,46657.0,1555465.0,360,0.0,Urban,Divorced,1,0,18.0,0
83,45,59952.0,1094170.0,180,1.0,Rural,Single,1,0,8.0,0
84,61,42180.0,712492.0,180,0.0,Rural,Single,0,0,17.0,0
85,49,117432.0,311830.0,360,1.0,Rural,Divorced,1,0,40.0,0
86,35,141829.0,1345077.0,360,1.0,Semiurban,Single,0,0,39.0,0
87,21,148377.0,1565461.0,240,1.0,Semiurban,Married,0,0,48.0,0
88,45,,,240,1.0,Rural,Married,1,1,12.0,0
89,27,21622.0,1892725.0,240,1.0,Rural,Single,1,1,6.0,0
90,29,68756.0,1289083.0,300,1.0,Urban,Married,0,0,10.0,0
91,44,60809.0,325160.0,240,1.0,Urban,Divorced,1,0,35.0,0
92,21,36725.0,1331897.0,360,1.0,Semiurban,Single,1,1,14.0,0
93,64,81396.0,661672.0,180,1.0,Semiurban,Single,1,0,48.0,0
94,28,71226.0,,300,0.0,Urban,Divorced,0,0,,0
95,44,126296.0,706217.0,240,1.0,Rural,Divorced,1,0,46.0,0
96,31,101182.0,1749017.0,300,1.0,Semiurban,Divorced,1,1,14.0,0
97,37,102565.0,1907992.0,300,0.0,Rural,Single,1,0,27.0,0
98,28,49402.0,175388.0,240,,Urban,Divorced,1,0,7.0,0
99,55,24263.0,655689.0,300,0.0,Semiurban,Divorced,1,0,36.0,0
100,55,143489.0,,180,1.0,Semiurban,Married,0,0,24.0,0
101,53,116523.0,1875767.0,360,0.0,Urban,Married,1,0,14.0,0
102,25,66828.0,1792367.0,360,1.0,Semiurban,Single,0,0,33.0,0
103,62,140824.0,332601.0,180,1.0,Urban,Married,1,1,45.0,0
104,59,67924.0,1276410.0,300,1.0,Semiurban,Married,1,1,38.0,0
105,61,94182.0,1182660.0,240,1.0,Urban,Divorced,0,0,41.0,0
106,48,113065.0,1400035.0,300,1.0,Semiurban,Divorced,1,0,24.0,0
107,27,79052.0,1783505.0,180,1.0,Rural,Married,0,0,12.0,0
108,29,31664.0,205111.0,300,0.0,Rural,Married,0,1,11.0,0
109,28,55737.0,1597618.0,360,1.0,Rural,Married,1,1,10.0,0
110,32,121332.0,529667.0,300,1.0,Semiurban,Single,0,0,15.0,0
111,54,109563.0,1811163.0,180,1.0,Semiurban,Single,1,0,48.0,0
112,53,49373.0,262982.0,360,1.0,Rural,Single,0,1,22.0,0
113,43,137369.0,398185.0,300,1.0,Rural,Married,1,0,46.0,0
114,44,56397.0,1476401.0,300,1.0,Urban,Married,1,0,33.0,0
115,57,148575.0,,360,1.0,Urban,Single,1,0,29.0,0
116,55,106145.0,1492291.0,240,1.0,Urban,Single,1,0,25.0,0
117,64,121371.0,1345129.0,360,0.0,Rural,Married,1,0,7.0,0
118,60,58709.0,561792.0,240,0.0,Rural,Divorced,0,1,22.0,0
119,42,,601174.0,180,0.0,Rural,Single,0,0,28.0,0
120,47,81120.0,884625.0,180,1.0,Urban,Married,1,0,42.0,0
121,55,39250.0,751844.0,360,0.0,Semiurban,Married,0,0,14.0,0
122,21,41172.0,295246.0,360,1.0,Rural,Divorced,1,0,31.0,0
123,55,31555.0,1699024.0,180,1.0,Semiurban,Married,0,0,16.0,0
124,57,107410.0,346242.0,240,0.0,Semiurban,Married,1,0,11.0,0
125,34,98617.0,611083.0,180,1.0,Semiurban,Single,1,1,21.0,0
126,23,73276.0,117633.0,360,1.0,Urban,Single,0,0,,0
127,21,77492.0,1112384.0,180,0.0,Semiurban,Divorced,1,0,30.0,0
128,25,73002.0,1952022.0,360,1.0,Rural,Divorced,0,0,19.0,0
129,46,,966964.0,360,0.0,Urban,Married,1,0,37.0,0
130,34,144938.0,149104.0,180,1.0,Rural,Single,0,1,41.0,0
131,59,109599.0,1059125.0,240,1.0,Rural,Divorced,1,0,35.0,0
132,47,92355.0,963663.0,300,1.0,Urban,Divorced,1,1,39.0,0
133,29,111248.0,1216964.0,180,1.0,Rural,Divorced,0,0,5.0,0
134,35,44762.0,1688878.0,300,1.0,Rural,Married,0,1,12.0,0
135,35,31046.0,1241154.0,180,1.0,Urban,Single,1,0,16.0,1
136,46,116999.0,789115.0,300,0.0,Rural,Divorced,0,0,23.0,0
137,62,144130.0,664678.0,240,0.0,Semiurban,Single,1,0,29.0,0
138,33,,1434431.0,240,1.0,Rural,Divorced,1,0,36.0,0
139,52,48769.0,1240234.0,180,1.0,Semiurban,Divorced,1,1,,0
140,59,73302.0,157993.0,360,,Rural,Single,1,1,17.0,0
141,52,,305768.0,300,1.0,Urban,Single,1,0,32.0,0
142,24,88247.0,1306861.0,360,1.0,Urban,Single,1,0,5.0,0
143,50,24853.0,871148.0,360,0.0,Rural,Married,1,0,10.0,0
144,57,114613.0,1122460.0,360,1.0,Urban,Divorced,0,1,12.0,0
145,43,140900.0,1599576.0,240,1.0,Rural,Married,0,0,8.0,0
146,59,109399.0,893853.0,180,0.0,Urban,Single,1,0,9.0,0
147,35,41792.0,842296.0,180,0.0,Semiurban,Divorced,1,0,29.0,0
148,63,79129.0,642015.0,240,0.0,Rural,Married,0,1,26.0,0
149,49,126019.0,998850.0,240,1.0,Semiurban,Divorced,1,0,32.0,0
150,56,94478.0,1677222.0,180,1.0,Semiurban,Married,1,1,,0
151,33,133811.0,1475828.0,360,0.0,Rural,Single,0,1,27.0,0
152,52,134130.0,357681.0,300,0.0,Semiurban,Married,1,0,8.0,0
153,27,87298.0,194018.0,300,1.0,Rural,Divorced,0,0,8.0,0
154,42,51987.0,1535177.0,300,1.0,Semiurban,Divorced,1,1,25.0,0
155,48,35850.0,1442630.0,360,1.0,Rural,Divorced,0,0,41.0,0
156,22,32112.0,1799752.0,180,1.0,Rural,Divorced,1,1,45.0,0
157,62,141789.0,329104.0,240,1.0,Urban,Single,0,0,6.0,0
158,26,44058.0,942186.0,180,1.0,Rural,Married,1,0,11.0,0
159,48,65420.0,293510.0,360,1.0,Rural,Single,1,1,20.0,0
160,48,,1258423.0,240,1.0,Semiurban,Single,0,0,,0
161,64,86017.0,1593293.0,360,0.0,Rural,Single,1,0,24.0,0
162,64,67304.0,554162.0,300,0.0,Urban,Divorced,1,1,27.0,0
163,40,,924899.0,300,0.0,Semiurban,Divorced,0,0,38.0,0
164,50,125921.0,1035129.0,360,1.0,Semiurban,Divorced,1,0,15.0,0
165,31,21524.0,1444613.0,240,1.0,Urban,Married,0,0,38.0,0
166,48,120424.0,1224905.0,240,1.0,Semiurban,Divorced,1,1,37.0,0
167,45,35048.0,1179583.0,180,0.0,Semiurban,Married,1,1,30.0,0
168,59,55111.0,1108806.0,300,1.0,Semiurban,Divorced,1,0,6.0,0
169,53,57904.0,794892.0,180,1.0,Semiurban,Divorced,0,1,,0
170,21,74912.0,1464973.0,180,0.0,Urban,Single,1,1,45.0,0
171,47,,1160899.0,360,1.0,Urban,Single,1,0,26.0,0
172,33,20060.0,997767.0,360,1.0,Semiurban,Single,1,0,38.0,0
173,61,,1260932.0,180,1.0,Semiurban,Married,1,0,19.0,0
174,23,103559.0,735232.0,300,0.0,Urban,Married,1,0,14.0,0
175,59,75337.0,304451.0,360,0.0,Urban,Divorced,0,1,19.0,0
176,26,130616.0,1427176.0,180,1.0,Urban,Married,0,1,46.0,0
177,28,33350.0,655655.0,180,0.0,Semiurban,Divorced,0,0,33.0,0
178,47,44354.0,1203200.0,180,1.0,Semiurban,Married,0,0,27.0,0
179,29,65186.0,503322.0,180,1.0,Rural,Married,1,0,21.0,0
180,57,48145.0,1383141.0,180,1.0,Urban,Married,0,0,13.0,0
181,53,54020.0,168008.0,180,1.0,Semiurban,Single,0,0,40.0,0
182,62,106123.0,477539.0,360,1.0,Urban,Married,0,0,13.0,0
183,64,126667.0,216492.0,300,0.0,Semiurban,Single,0,0,20.0,0
184,44,95186.0,172240.0,180,1.0,Urban,Single,0,0,40.0,0
185,35,105469.0,1475035.0,240,1.0,Semiurban,Married,0,1,37.0,0
186,52,40581.0,1086753.0,360,1.0,Rural,Divorced,1,0,35.0,0
187,52,108929.0,825947.0,360,0.0,Rural,Divorced,1,0,10.0,0
188,44,43051.0,372900.0,180,1.0,Urban,Divorced,0,0,14.0,0
189,61,71474.0,561227.0,360,1.0,Semiurban,Married,1,0,20.0,0
190,32,111748.0,1447098.0,180,0.0,Semiurban,Divorced,0,0,,0
191,59,145995.0,235327.0,300,0.0,Urban,Single,0,0,26.0,0
192,22,134618.0,749991.0,300,0.0,Semiurban,Divorced,0,1,17.0,0
193,23,89626.0,942981.0,360,1.0,Urban,Married,1,0,20.0,0
194,57,26960.0,265575.0,360,0.0,Semiurban,Divorced,1,1,33.0,0
195,37,55772.0,1143445.0,240,0.0,Urban,Single,0,1,10.0,0
196,22,41520.0,1648075.0,360,1.0,Semiurban,Married,0,1,30.0,0
197,22,69481.0,593948.0,240,1.0,Urban,Divorced,1,0,15.0,0
198,48,56408.0,1455833.0,300,0.0,Semiurban,Married,0,1,28.0,0
199,43,114006.0,1746933.0,300,0.0,Rural,Married,0,0,33.0,0
200,57,148496.0,329189.0,180,0.0,Semiurban,Married,1,0,7.0,0
201,52,77134.0,498465.0,300,0.0,Urban,Divorced,1,1,14.0,0
202,53,40491.0,351051.0,240,1.0,Rural,Married,1,0,5.0,0
203,21,21341.0,1036705.0,360,0.0,Semiurban,Divorced,1,0,47.0,0
204,39,64623.0,749829.0,180,0.0,Rural,Single,0,0,30.0,0
205,22,110327.0,813936.0,240,1.0,Semiurban,Divorced,0,0,16.0,0
206,64,20338.0,1660354.0,360,1.0,Rural,Single,1,0,18.0,0
207,46,91431.0,880641.0,180,1.0,Urban,Divorced,0,0,29.0,0
208,52,32254.0,371830.0,300,1.0,Semiurban,Married,1,1,,0
209,26,,1654205.0,240,1.0,Semiurban,Divorced,1,1,47.0,0
210,52,31344.0,415507.0,360,1.0,Urban,Married,1,1,8.0,0
211,24,,459687.0,180,1.0,Rural,Single,0,0,32.0,0
212,31,74756.0,1804597.0,180,1.0,Urban,Divorced,1,0,11.0,0
213,37,87957.0,1324491.0,300,1.0,Urban,Married,1,1,14.0,0
214,58,125423.0,1768537.0,360,0.0,Rural,Single,1,1,40.0,0
215,44,,554179.0,300,1.0,Urban,Single,0,0,6.0,0
216,25,90855.0,1130596.0,300,0.0,Semiurban,Divorced,0,0,30.0,0
217,54,35896.0,142828.0,360,1.0,Semiurban,Single,0,0,18.0,0
218,26,75761.0,935036.0,360,1.0,Semiurban,Married,0,0,20.0,0
219,42,82552.0,372670.0,360,1.0,Urban,Single,0,0,47.0,0
220,31,140075.0,1174168.0,240,0.0,Semiurban,Single,1,1,46.0,0
221,36,97454.0,391126.0,360,1.0,Semiurban,Married,1,0,21.0,0
222,53,146522.0,886639.0,180,1.0,Semiurban,Single,0,0,26.0,0
223,29,138681.0,1380617.0,300,1.0,Semiurban,Single,1,0,8.0,0
224,26,110600.0,1499453.0,240,1.0,Semiurban,Single,0,0,23.0,0
225,36,142732.0,854296.0,360,1.0,Semiurban,Single,1,0,6.0,0
226,49,132153.0,224982.0,240,1.0,Urban,Married,1,0,43.0,0
227,23,142926.0,1405487.0,360,1.0,Semiurban,Single,1,0,13.0,1
228,40,47935.0,1217195.0,240,1.0,Semiurban,Married,1,1,23.0,0
229,56,57641.0,1833264.0,300,0.0,Rural,Single,0,0,,0
230,39,49711.0,408623.0,300,,Urban,Single,0,0,29.0,0
231,46,90342.0,1650219.0,180,1.0,Urban,Single,1,0,22.0,0
232,23,126896.0,1299751.0,180,1.0,Urban,Single,1,1,27.0,0
233,39,32182.0,270963.0,360,0.0,Urban,Married,0,0,25.0,0
234,40,107833.0,1290402.0,300,1.0,Semiurban,Married,0,1,15.0,0
235,52,76276.0,1903919.0,240,1.0,Semiurban,Married,1,0,43.0,0
236,27,39541.0,967869.0,240,1.0,Rural,Divorced,0,1,45.0,1
237,61,114457.0,1247116.0,240,1.0,Rural,Single,1,1,8.0,0
238,53,102310.0,959414.0,180,1.0,Urban,Single,1,0,29.0,0
239,60,64813.0,1775611.0,240,1.0,Rural,Married,0,0,36.0,0
240,59,57198.0,286994.0,180,1.0,Rural,Divorced,0,0,34.0,0
241,38,28820.0,410375.0,180,0.0,Urban,Single,1,1,49.0,1
242,60,44070.0,129301.0,360,1.0,Urban,Married,1,0,30.0,0
243,21,89768.0,1371300.0,240,1.0,Rural,Single,1,0,40.0,0
244,31,31122.0,1662579.0,240,1.0,Semiurban,Single,0,1,38.0,0
245,48,100559.0,1144327.0,300,1.0,Rural,Married,0,1,13.0,0
246,45,93543.0,293783.0,360,1.0,Rural,Married,1,0,16.0,0
247,43,103441.0,1845259.0,300,0.0,Semiurban,Single,1,0,6.0,0
248,51,61786.0,118752.0,360,0.0,Semiurban,Single,0,0,42.0,0
249,50,114934.0,1115416.0,240,0.0,Urban,Married,1,0,9.0,0
250,62,119804.0,837565.0,180,0.0,Urban,Single,0,0,9.0,0
251,55,26737.0,768755.0,180,,Rural,Single,0,0,26.0,0
252,27,56062.0,317029.0,180,0.0,Semiurban,Married,0,0,9.0,0
253,36,74237.0,1007669.0,180,1.0,Urban,Single,1,1,,0
254,46,71571.0,1204849.0,180,1.0,Rural,Single,1,0,13.0,0
255,22,45510.0,1407079.0,300,1.0,Semiurban,Divorced,1,0,33.0,0
256,21,39426.0,1764742.0,360,,Rural,Married,1,0,26.0,0
257,32,57265.0,1939903.0,240,1.0,Urban,Divorced,1,0,31.0,0
258,25,37850.0,1268544.0,300,0.0,Urban,Divorced,0,0,14.0,0
259,57,138249.0,477844.0,360,1.0,Semiurban,Divorced,0,0,20.0,0
260,52,86150.0,1749423.0,180,0.0,Rural,Single,0,1,46.0,0
261,29,,110699.0,360,1.0,Semiurban,Single,0,0,46.0,0
262,61,109613.0,1344709.0,360,1.0,Urban,Divorced,1,0,14.0,0
263,55,94910.0,634003.0,180,0.0,Urban,Divorced,1,1,10.0,0
264,39,72375.0,1167745.0,180,0.0,Rural,Divorced,1,0,9.0,0
265,36,141826.0,618652.0,180,1.0,Rural,Single,0,1,10.0,0
266,23,55435.0,218413.0,240,1.0,Rural,Divorced,0,0,29.0,0
267,40,116443.0,1792128.0,180,1.0,Semiurban,Divorced,1,1,8.0,0
268,44,77132.0,1416502.0,240,1.0,Rural,Married,0,0,44.0,0
269,53,98945.0,,180,0.0,Rural,Married,1,1,36.0,0
270,44,102050.0,1671564.0,240,1.0,Urban,Single,1,1,39.0,0
271,31,149828.0,1273057.0,360,,Urban,Married,1,0,14.0,0
272,28,115402.0,315400.0,300,1.0,Rural,Married,1,0,38.0,0
273,56,22983.0,1132532.0,360,1.0,Rural,Married,1,1,40.0,0
274,58,117241.0,659873.0,360,1.0,Urban,Single,0,0,,0
275,60,40662.0,1965690.0,180,1.0,Rural,Married,1,0,47.0,0
276,40,43510.0,1327512.0,240,1.0,Semiurban,Single,0,0,20.0,0
277,55,98187.0,492136.0,300,0.0,Semiurban,Divorced,0,1,23.0,0
278,45,60998.0,1596906.0,180,1.0,Semiurban,Married,1,0,38.0,0
279,55,76846.0,489954.0,180,1.0,Rural,Single,1,0,29.0,0
280,45,114071.0,138067.0,180,,Urban,Married,0,0,35.0,0
281,49,26640.0,1846621.0,360,1.0,Rural,Divorced,1,1,45.0,0
282,38,64547.0,1926198.0,240,1.0,Rural,Single,1,1,,0
283,38,74620.0,118073.0,240,1.0,Urban,Single,1,1,34.0,0
284,22,,136035.0,300,,Urban,Single,1,0,,0
285,55,135608.0,1344625.0,240,1.0,Urban,Divorced,0,1,35.0,0
286,36,27564.0,333782.0,240,0.0,Semiurban,Divorced,1,0,23.0,0
287,61,47345.0,714661.0,180,1.0,Rural,Divorced,0,0,39.0,0
288,56,133824.0,714805.0,180,0.0,Urban,Single,1,0,,0
289,53,114223.0,1738314.0,360,1.0,Rural,Divorced,0,0,5.0,0
290,24,143372.0,1683246.0,180,1.0,Semiurban,Married,1,1,8.0,0
291,53,99273.0,826331.0,180,1.0,Semiurban,Divorced,0,0,32.0,0
292,34,94859.0,1606404.0,180,1.0,Urban,Single,1,0,22.0,0
293,41,100765.0,,180,1.0,Urban,Married,0,1,30.0,0
294,40,130017.0,161929.0,360,1.0,Rural,Divorced,0,1,44.0,0
295,28,94038.0,857771.0,180,0.0,Urban,Married,1,0,23.0,0
296,27,143618.0,1901454.0,300,1.0,Rural,Married,1,0,10.0,0
297,23,72393.0,985296.0,300,,Urban,Single,1,1,5.0,0
298,37,86081.0,767689.0,300,1.0,Rural,Married,0,0,12.0,0
299,53,,880965.0,300,0.0,Rural,Married,1,0,37.0,0
300,32,122650.0,387313.0,180,1.0,Rural,Single,1,0,47.0,0
301,42,49430.0,187468.0,300,1.0,Rural,Single,0,0,25.0,0
302,42,95532.0,1183170.0,180,1.0,Semiurban,Single,0,1,28.0,0
303,50,47788.0,291703.0,360,0.0,Rural,Married,1,0,29.0,0
304,58,115505.0,1193609.0,300,1.0,Urban,Married,1,0,47.0,0
305,58,68543.0,1735997.0,240,1.0,Semiurban,Married,1,0,23.0,0
306,28,33919.0,1090669.0,300,1.0,Semiurban,Single,1,0,33.0,0
307,47,89346.0,1222437.0,300,1.0,Rural,Divorced,1,0,14.0,0
308,47,116122.0,807650.0,180,1.0,Semiurban,Married,0,0,16.0,0
309,54,59974.0,393894.0,300,1.0,Rural,Divorced,1,0,37.0,0
310,41,127309.0,1713325.0,240,1.0,Urban,Single,1,0,11.0,0
311,50,36371.0,1615592.0,180,1.0,Rural,Married,0,0,21.0,0
312,53,65084.0,1226798.0,180,1.0,Semiurban,Divorced,1,0,,0
313,48,49629.0,,360,0.0,Urban,Married,0,0,35.0,0
314,53,71184.0,1959234.0,360,0.0,Rural,Married,1,0,10.0,0
315,25,81916.0,893153.0,300,,Urban,Married,1,1,21.0,0
316,39,147293.0,644897.0,360,0.0,Urban,Divorced,0,0,41.0,0
317,24,93972.0,1803377.0,360,1.0,Semiurban,Single,1,0,22.0,0
318,55,82187.0,1352557.0,360,1.0,Urban,Married,1,0,30.0,0
319,37,32984.0,204211.0,180,0.0,Semiurban,Single,0,1,20.0,0
320,64,53039.0,1334897.0,180,1.0,Urban,Single,1,0,12.0,0
321,48,105431.0,1590687.0,180,0.0,Rural,Divorced,1,1,28.0,0
322,50,103691.0,,360,1.0,Urban,Divorced,1,0,17.0,0
323,49,78606.0,1023160.0,180,1.0,Rural,Single,0,1,,0
324,26,30616.0,960952.0,360,1.0,Rural,Married,1,1,36.0,0
325,55,,,180,0.0,Urban,Divorced,0,0,28.0,0
326,61,125373.0,,180,,Rural,Married,1,0,20.0,0
327,57,70072.0,,240,1.0,Urban,Married,0,0,15.0,0
328,44,44574.0,1791811.0,300,1.0,Urban,Married,1,0,36.0,0
329,49,23430.0,1877758.0,360,1.0,Rural,Single,1,0,10.0,0
330,51,,1154477.0,240,1.0,Rural,Married,1,0,39.0,0
331,55,32676.0,262624.0,180,0.0,Semiurban,Single,1,0,,0
332,53,,1370893.0,360,1.0,Rural,Single,0,0,,0
333,41,52733.0,1441775.0,180,1.0,Semiurban,Married,0,0,41.0,0
334,52,105680.0,793045.0,300,1.0,Rural,Married,1,0,17.0,0
335,43,22050.0,1091469.0,240,0.0,Urban,Married,1,0,,0
336,53,129996.0,245788.0,300,1.0,Rural,Married,0,1,41.0,0
337,23,53933.0,738387.0,240,1.0,Urban,Single,1,0,30.0,0
338,38,44951.0,635426.0,180,1.0,Urban,Married,1,1,21.0,0
339,45,52413.0,790658.0,300,1.0,Urban,Married,1,0,5.0,0
340,62,54801.0,1068616.0,300,1.0,Semiurban,Single,0,0,29.0,0
341,51,75619.0,123429.0,180,0.0,Rural,Divorced,0,0,38.0,0
342,23,52913.0,1723064.0,300,1.0,Urban,Divorced,0,0,43.0,0
343,60,132573.0,1350956.0,360,1.0,Urban,Single,1,1,14.0,0
344,44,139076.0,1590036.0,240,1.0,Semiurban,Divorced,1,0,24.0,0
345,52,60600.0,872577.0,240,1.0,Rural,Single,1,0,11.0,0
346,42,77775.0,1393703.0,240,1.0,Rural,Married,1,1,20.0,0
347,43,110816.0,987700.0,360,1.0,Semiurban,Married,1,0,41.0,0
348,22,149972.0,1909377.0,240,0.0,Semiurban,Divorced,1,1,33.0,0
349,47,110093.0,1165923.0,180,1.0,Rural,Married,1,1,16.0,0
350,62,132590.0,1820856.0,300,1.0,Semiurban,Divorced,0,0,21.0,0
351,22,55400.0,656110.0,360,1.0,Rural,Divorced,1,0,24.0,0
352,46,24494.0,1064163.0,240,0.0,Rural,Married,1,0,30.0,0
353,37,,1712972.0,180,1.0,Urban,Married,0,0,23.0,0
354,60,142744.0,1015387.0,300,1.0,Urban,Divorced,0,0,16.0,0
355,53,109431.0,1630891.0,300,0.0,Rural,Married,0,1,25.0,0
356,29,94691.0,107967.0,360,1.0,Rural,Single,1,1,46.0,0
357,63,117419.0,1684735.0,360,0.0,Rural,Married,1,0,38.0,0
358,59,128730.0,325371.0,360,1.0,Rural,Married,1,0,11.0,0
359,49,63001.0,1357100.0,180,0.0,Rural,Single,1,0,49.0,0
360,62,87364.0,1878206.0,180,0.0,Rural,Married,0,0,39.0,0
361,46,144988.0,1313261.0,360,1.0,Semiurban,Married,1,1,19.0,0
362,55,65028.0,,240,1.0,Rural,Divorced,0,0,5.0,0
363,45,127434.0,351537.0,300,1.0,Semiurban,Married,1,0,30.0,0
364,44,117659.0,,300,0.0,Semiurban,Married,1,0,39.0,0
365,33,57573.0,941531.0,180,1.0,Rural,Single,1,1,29.0,0
366,27,20806.0,1708126.0,300,1.0,Rural,Divorced,1,0,46.0,0
367,56,144343.0,964645.0,240,1.0,Semiurban,Divorced,1,1,19.0,0
368,40,76638.0,1528127.0,300,1.0,Semiurban,Divorced,0,0,26.0,0
369,21,148301.0,1035772.0,180,1.0,Rural,Married,1,1,10.0,0
370,28,,571082.0,180,1.0,Rural,Divorced,1,0,19.0,0
371,36,126506.0,160545.0,240,1.0,Semiurban,Single,0,0,28.0,0
372,34,49757.0,1383131.0,240,0.0,Semiurban,Divorced,1,1,25.0,0
373,32,54636.0,323894.0,300,1.0,Semiurban,Single,1,0,11.0,1
374,43,100097.0,827506.0,300,1.0,Urban,Divorced,0,0,33.0,0
375,35,68280.0,1089470.0,180,1.0,Semiurban,Divorced,1,0,36.0,0
376,48,44262.0,1450642.0,240,0.0,Urban,Single,0,1,36.0,1
377,54,100435.0,1715777.0,240,1.0,Rural,Divorced,1,1,9.0,0
378,22,82211.0,1507753.0,240,0.0,Rural,Divorced,0,0,8.0,0
379,52,74842.0,1515512.0,300,1.0,Semiurban,Divorced,1,0,26.0,0
380,43,148583.0,,240,1.0,Rural,Married,0,1,22.0,0
381,42,76979.0,1073181.0,180,0.0,Rural,Single,1,0,39.0,0
382,45,134524.0,1119658.0,180,1.0,Rural,Divorced,1,1,21.0,0
383,42,,1591633.0,300,1.0,Rural,Single,1,0,28.0,0
384,42,58197.0,,360,1.0,Urban,Single,1,1,6.0,0
385,62,61844.0,1633854.0,300,1.0,Urban,Single,1,1,17.0,0
386,26,84754.0,1006295.0,360,1.0,Semiurban,Divorced,0,1,19.0,0
387,35,121868.0,1304680.0,240,0.0,Semiurban,Divorced,0,0,9.0,0
388,63,54157.0,793206.0,300,1.0,Semiurban,Single,1,0,7.0,0
389,57,97129.0,1863410.0,180,1.0,Rural,Married,1,0,41.0,0
390,53,60042.0,1193512.0,240,1.0,Rural,Single,0,0,41.0,0
391,28,81665.0,785154.0,180,1.0,Urban,Married,1,0,41.0,0
392,64,135512.0,1865524.0,240,,Urban,Single,0,0,7.0,0
393,64,136953.0,1350632.0,300,1.0,Semiurban,Single,0,1,39.0,0
394,25,102856.0,325469.0,360,1.0,Urban,Single,1,0,27.0,0
395,59,47376.0,1176717.0,240,0.0,Urban,Divorced,1,0,32.0,0
396,24,129049.0,237478.0,360,1.0,Urban,Married,1,0,34.0,0
397,26,75554.0,1245935.0,240,1.0,Urban,Married,1,0,22.0,0
398,52,34199.0,1009711.0,180,1.0,Urban,Single,1,0,40.0,0
399,50,138533.0,1302939.0,180,1.0,Semiurban,Divorced,1,0,37.0,0
400,55,101412.0,1714432.0,240,1.0,Semiurban,Divorced,0,1,30.0,0
401,60,70948.0,721827.0,360,0.0,Urban,Married,0,0,44.0,0
402,36,93781.0,1719715.0,300,1.0,Semiurban,Divorced,1,0,21.0,0
403,33,92750.0,593158.0,300,1.0,Rural,Married,1,0,44.0,0
404,62,86262.0,1727687.0,180,1.0,Urban,Married,1,1,11.0,0
405,50,137424.0,123312.0,300,0.0,Rural,Married,0,0,12.0,0
406,39,66600.0,1060612.0,180,0.0,Semiurban,Divorced,0,1,35.0,0
407,37,96898.0,527387.0,300,0.0,Semiurban,Married,1,0,16.0,0
408,39,82483.0,534995.0,240,1.0,Rural,Married,0,1,35.0,0
409,48,38297.0,,180,0.0,Semiurban,Single,1,0,48.0,0
410,46,,1649107.0,180,1.0,Urban,Married,0,0,23.0,0
411,57,,898843.0,240,1.0,Rural,Married,0,0,14.0,0
412,46,62874.0,1644613.0,180,0.0,Urban,Single,1,0,43.0,0
413,43,27657.0,1397638.0,300,1.0,Rural,Single,1,0,16.0,0
414,29,104386.0,943441.0,300,1.0,Semiurban,Divorced,0,1,24.0,0
415,32,145617.0,1557214.0,180,1.0,Rural,Married,0,0,41.0,0
416,21,45425.0,535684.0,300,1.0,Rural,Divorced,1,1,45.0,0
417,21,46685.0,1705235.0,360,1.0,Urban,Divorced,0,1,11.0,0
418,54,142000.0,157022.0,180,1.0,Semiurban,Single,1,0,18.0,0
419,52,132855.0,433373.0,240,1.0,Urban,Divorced,1,1,15.0,0
420,45,44578.0,1247647.0,360,1.0,Semiurban,Married,0,0,11.0,0
421,60,48831.0,1330844.0,180,0.0,Urban,Single,1,0,33.0,0
422,21,27906.0,1097858.0,240,1.0,Rural,Married,0,1,14.0,0
423,36,81413.0,458918.0,300,1.0,Urban,Married,1,0,33.0,0
424,59,74028.0,589626.0,240,1.0,Semiurban,Single,1,0,13.0,0
425,25,27287.0,388859.0,360,,Semiurban,Married,1,0,40.0,0
426,42,53660.0,914037.0,300,1.0,Rural,Single,0,0,14.0,0
427,49,95758.0,1772717.0,180,0.0,Semiurban,Married,1,1,23.0,0
428,23,80504.0,655462.0,300,1.0,Urban,Single,1,0,35.0,0
429,32,79720.0,,180,1.0,Rural,Divorced,1,0,21.0,0
430,46,122979.0,1646236.0,180,,Semiurban,Married,1,0,,0
431,36,,1224949.0,240,1.0,Semiurban,Single,0,0,,0
432,57,103300.0,1341597.0,240,1.0,Urban,Married,1,0,37.0,0
433,42,130177.0,293718.0,240,1.0,Urban,Married,0,0,38.0,0
434,49,37674.0,,360,1.0,Rural,Married,0,0,49.0,0
435,34,103560.0,163037.0,360,0.0,Semiurban,Single,1,0,28.0,0
436,48,131543.0,1762682.0,240,0.0,Urban,Divorced,0,1,13.0,0
437,25,43874.0,630836.0,360,1.0,Rural,Divorced,1,0,11.0,0
438,50,,741269.0,300,1.0,Semiurban,Divorced,1,1,20.0,0
439,25,143867.0,1382789.0,300,0.0,Semiurban,Single,1,1,23.0,0
440,32,117820.0,304366.0,360,1.0,Rural,Divorced,1,1,43.0,0
441,36,85160.0,602420.0,360,1.0,Rural,Single,1,1,10.0,0
442,46,37602.0,254249.0,300,1.0,Urban,Married,0,0,15.0,0
443,46,123320.0,1434742.0,180,1.0,Semiurban,Married,1,0,16.0,0
444,41,108801.0,1779161.0,300,1.0,Semiurban,Divorced,0,0,46.0,0
445,59,45931.0,1138199.0,300,1.0,Semiurban,Single,0,0,,1
446,56,114377.0,760902.0,360,,Rural,Married,1,1,16.0,0
447,53,49192.0,1370660.0,300,1.0,Urban,Single,1,0,25.0,0
448,50,66542.0,,360,0.0,Semiurban,Single,1,1,14.0,0
449,57,,1209004.0,360,0.0,Rural,Married,0,0,24.0,0
450,43,62520.0,1826676.0,240,1.0,Semiurban,Single,1,1,40.0,0
451,30,,1470073.0,300,1.0,Urban,Married,0,0,32.0,0
452,25,78762.0,1785996.0,180,1.0,Semiurban,Married,1,0,28.0,0
453,56,70106.0,1336180.0,240,1.0,Urban,Married,1,0,9.0,0
454,54,101121.0,640340.0,360,1.0,Urban,Single,1,1,41.0,0
455,51,45559.0,1249265.0,360,1.0,Semiurban,Married,0,0,16.0,0
456,30,125595.0,802436.0,180,1.0,Semiurban,Single,0,1,39.0,0
457,39,53742.0,546636.0,360,1.0,Urban,Married,0,1,44.0,0
458,52,89669.0,756031.0,300,1.0,Rural,Married,1,1,6.0,0
459,21,100199.0,362307.0,240,1.0,Urban,Divorced,1,0,45.0,0
460,25,41754.0,1452144.0,360,0.0,Semiurban,Divorced,0,1,49.0,0
461,24,23972.0,1651330.0,360,1.0,Semiurban,Divorced,1,1,43.0,0
462,36,90831.0,1071248.0,180,1.0,Rural,Single,1,0,46.0,0
463,44,132217.0,563547.0,300,1.0,Urban,Single,1,0,13.0,0
464,36,61873.0,503850.0,360,,Urban,Married,1,0,26.0,0
465,22,114661.0,1284446.0,180,1.0,Urban,Married,1,0,9.0,0
466,48,126532.0,1433140.0,360,0.0,Semiurban,Married,0,0,16.0,1
467,52,146267.0,610259.0,180,,Urban,Married,0,1,5.0,0
468,47,29903.0,1793439.0,180,1.0,Rural,Single,0,0,48.0,0
469,40,23020.0,1931094.0,300,0.0,Semiurban,Married,1,0,26.0,0
470,44,61755.0,1440020.0,360,0.0,Semiurban,Married,1,1,42.0,0
471,32,105956.0,1159325.0,300,1.0,Urban,Divorced,1,0,23.0,0
472,55,106988.0,728419.0,180,0.0,Rural,Married,0,1,20.0,0
473,53,65648.0,1829057.0,240,0.0,Semiurban,Married,1,0,35.0,0
474,53,123537.0,1448207.0,360,0.0,Semiurban,Married,0,0,7.0,0
475,63,145991.0,325019.0,240,1.0,Urban,Single,0,0,27.0,0
476,57,,1575153.0,360,1.0,Urban,Divorced,1,0,46.0,0
477,32,132863.0,1956231.0,300,1.0,Rural,Married,1,0,22.0,0
478,23,135005.0,697218.0,300,1.0,Urban,Married,1,1,30.0,0
479,21,22396.0,1817992.0,300,1.0,Rural,Divorced,1,0,,0
480,53,104082.0,1439100.0,300,1.0,Semiurban,Married,0,1,22.0,0
481,60,39129.0,1961043.0,300,1.0,Rural,Single,0,0,7.0,0
482,30,148322.0,917052.0,240,1.0,Rural,Married,0,0,27.0,0
483,63,21591.0,1405129.0,300,1.0,Rural,Single,1,0,7.0,0
484,64,31303.0,1597108.0,180,1.0,Semiurban,Single,1,0,,0
485,49,50561.0,819401.0,180,0.0,Urban,Married,1,1,31.0,0
486,33,91719.0,1528080.0,240,1.0,Semiurban,Divorced,1,1,48.0,0
487,32,138618.0,1201928.0,360,,Urban,Single,0,1,31.0,0
488,51,112108.0,524127.0,180,1.0,Rural,Divorced,0,0,43.0,0
489,22,148748.0,1312432.0,360,0.0,Rural,Married,1,0,29.0,0
490,55,119616.0,103191.0,240,1.0,Rural,Single,0,0,28.0,0
491,43,144165.0,728864.0,360,1.0,Rural,Married,1,1,12.0,0
492,37,106231.0,1344289.0,360,1.0,Rural,Divorced,1,0,13.0,0
493,46,27314.0,542939.0,360,1.0,Urban,Married,1,0,41.0,0
494,28,137071.0,1152207.0,360,1.0,Urban,Married,0,0,34.0,0
495,49,39623.0,1285820.0,240,1.0,Rural,Single,0,0,23.0,0
496,46,87675.0,404224.0,180,1.0,Semiurban,Married,1,0,20.0,0
497,30,132992.0,320169.0,300,0.0,Semiurban,Married,1,0,28.0,0
498,46,116826.0,714641.0,360,1.0,Rural,Married,1,1,48.0,0
499,54,85082.0,1562073.0,180,1.0,Urban,Single,1,1,25.0,0
500,61,149839.0,652959.0,180,1.0,Semiurban,Divorced,1,0,40.0,0
501,27,103624.0,1795675.0,240,1.0,Semiurban,Divorced,1,0,44.0,0
502,24,125228.0,1855367.0,180,1.0,Semiurban,Married,0,0,43.0,0
503,31,53130.0,321972.0,240,1.0,Rural,Single,1,1,10.0,0
504,49,71756.0,1926075.0,360,1.0,Semiurban,Married,0,1,9.0,0
505,56,,1538454.0,360,1.0,Semiurban,Divorced,0,1,18.0,0
506,45,46292.0,848321.0,300,1.0,Semiurban,Single,1,1,49.0,0
507,41,131785.0,608679.0,300,1.0,Semiurban,Divorced,1,0,46.0,0
508,56,147331.0,521818.0,300,0.0,Urban,Divorced,1,1,8.0,0
509,30,106206.0,1892725.0,180,1.0,Rural,Single,1,0,12.0,0
510,57,89274.0,1986407.0,360,1.0,Rural,Single,1,0,28.0,1
511,29,22469.0,1827408.0,240,1.0,Urban,Married,1,1,15.0,0
512,44,73947.0,804590.0,300,1.0,Urban,Married,1,0,21.0,0
513,55,42534.0,1091120.0,240,1.0,Rural,Divorced,1,0,25.0,0
514,55,83620.0,1155675.0,240,1.0,Semiurban,Single,1,0,30.0,0
515,56,68874.0,1922550.0,300,1.0,Semiurban,Single,1,0,47.0,0
516,38,69708.0,,360,0.0,Rural,Married,1,1,48.0,0
517,59,94553.0,680780.0,300,,Semiurban,Divorced,0,0,49.0,0
518,52,88344.0,1245298.0,240,0.0,Urban,Divorced,1,0,31.0,0
519,44,69138.0,1065188.0,300,1.0,Semiurban,Married,0,0,20.0,0
520,43,74302.0,654399.0,240,1.0,Semiurban,Single,1,0,30.0,0
521,52,67638.0,163936.0,240,1.0,Semiurban,Married,0,0,37.0,0
522,57,98249.0,1826550.0,300,1.0,Rural,Married,1,0,35.0,0
523,32,125865.0,323332.0,180,1.0,Urban,Married,1,0,10.0,0
524,33,22719.0,825836.0,300,0.0,Semiurban,Married,0,1,48.0,0
525,43,42890.0,1921895.0,180,1.0,Rural,Single,0,1,,0
526,45,97236.0,1471640.0,240,1.0,Semiurban,Married,0,0,11.0,0
527,55,56509.0,587510.0,240,0.0,Urban,Single,1,0,38.0,0
528,61,62534.0,163530.0,180,0.0,Semiurban,Married,0,0,48.0,0
529,50,122302.0,1578016.0,240,0.0,Urban,Divorced,0,1,18.0,0
530,37,,1418508.0,180,0.0,Semiurban,Single,0,0,20.0,0
531,40,38787.0,1700946.0,180,1.0,Urban,Divorced,1,1,47.0,0
532,45,146209.0,1762434.0,240,0.0,Semiurban,Married,0,1,13.0,0
533,42,68845.0,1773879.0,360,1.0,Urban,Married,1,1,14.0,0
534,33,77932.0,1880752.0,180,1.0,Semiurban,Married,0,1,21.0,0
535,39,112124.0,1296179.0,300,,Semiurban,Single,1,0,16.0,0
536,56,,974772.0,300,1.0,Rural,Divorced,0,0,10.0,0
537,32,53062.0,1767303.0,240,1.0,Rural,Single,1,1,23.0,0
538,61,95713.0,1062361.0,360,1.0,Urban,Single,0,0,47.0,0
539,39,107263.0,241214.0,240,1.0,Semiurban,Married,1,0,45.0,0
540,32,115756.0,739341.0,360,,Urban,Divorced,1,0,33.0,0
541,29,80461.0,1721219.0,180,1.0,Rural,Married,1,0,,0
542,27,95418.0,503082.0,180,0.0,Urban,Single,1,1,29.0,0
543,48,86672.0,301139.0,180,1.0,Urban,Married,1,0,28.0,0
544,34,148232.0,1128494.0,180,0.0,Rural,Divorced,1,0,29.0,0
545,51,54832.0,1907570.0,300,1.0,Semiurban,Married,1,1,20.0,0
546,39,147335.0,1121318.0,300,1.0,Urban,Divorced,0,1,20.0,0
547,36,51966.0,749714.0,240,1.0,Rural,Divorced,1,0,10.0,0
548,25,92545.0,688315.0,360,1.0,Semiurban,Married,1,0,41.0,0
549,55,32987.0,,180,1.0,Rural,Single,0,0,25.0,0
550,32,57311.0,1307786.0,180,0.0,Urban,Married,0,0,8.0,0
551,45,51575.0,192601.0,360,1.0,Semiurban,Single,0,0,38.0,0
552,41,83852.0,1178532.0,360,1.0,Semiurban,Single,1,0,32.0,0
553,56,147650.0,1386916.0,240,1.0,Rural,Married,0,1,42.0,0
554,43,21007.0,729085.0,360,1.0,Rural,Single,0,0,45.0,0
555,36,90981.0,1012735.0,180,1.0,Rural,Single,0,0,32.0,0
556,59,96242.0,1618087.0,180,1.0,Semiurban,Married,1,0,21.0,0
557,62,67517.0,1809375.0,180,1.0,Semiurban,Married,1,0,18.0,0
558,59,130022.0,1977541.0,180,0.0,Urban,Married,0,1,11.0,0
559,34,49257.0,521486.0,180,0.0,Semiurban,Single,0,0,26.0,0
560,51,107272.0,703103.0,240,0.0,Urban,Divorced,0,0,5.0,0
561,25,62207.0,139279.0,180,1.0,Rural,Single,1,0,33.0,0
562,55,33281.0,471931.0,240,1.0,Rural,Divorced,1,1,35.0,0
563,43,81246.0,248702.0,180,,Semiurban,Married,1,0,34.0,0
564,49,21435.0,1209639.0,300,1.0,Rural,Divorced,0,0,19.0,0
565,63,118875.0,873887.0,300,1.0,Rural,Married,1,0,22.0,0
566,31,120686.0,1402887.0,300,1.0,Semiurban,Married,1,1,39.0,0
567,38,111357.0,752184.0,300,1.0,Urban,Divorced,0,0,34.0,0
568,32,46660.0,1839080.0,240,0.0,Semiurban,Married,0,0,38.0,0
569,29,25084.0,545377.0,240,0.0,Urban,Divorced,1,0,46.0,1
570,30,102197.0,1638510.0,360,1.0,Semiurban,Married,1,0,15.0,0
571,64,33507.0,619089.0,180,1.0,Semiurban,Single,1,1,31.0,0
572,37,92595.0,846434.0,300,1.0,Rural,Single,1,1,28.0,0
573,58,103807.0,1357008.0,240,1.0,Semiurban,Married,1,0,39.0,0
574,27,65539.0,282051.0,180,1.0,Semiurban,Married,0,0,43.0,0
575,33,135953.0,1246237.0,180,0.0,Urban,Divorced,1,0,12.0,0
576,60,27491.0,1043693.0,240,0.0,Rural,Single,1,0,22.0,0
577,62,147706.0,1846536.0,300,1.0,Urban,Divorced,0,0,17.0,0
578,29,132831.0,1601352.0,360,1.0,Urban,Married,1,0,49.0,0
579,47,70192.0,1619832.0,180,,Rural,Married,0,0,28.0,0
580,22,100395.0,223257.0,360,1.0,Rural,Divorced,0,0,,0
581,25,143797.0,1079062.0,300,1.0,Rural,Married,1,1,16.0,0
582,49,83888.0,1417630.0,300,1.0,Semiurban,Single,1,1,34.0,0
583,57,93609.0,1075217.0,360,1.0,Rural,Divorced,1,1,35.0,0
584,58,29077.0,1981865.0,300,1.0,Rural,Single,0,0,32.0,0
585,39,137440.0,,180,1.0,Rural,Single,1,1,26.0,0
586,28,142901.0,1103171.0,360,1.0,Urban,Single,1,0,48.0,0
587,21,40953.0,1567019.0,300,1.0,Urban,Divorced,1,0,32.0,0
588,42,96919.0,1023482.0,360,0.0,Semiurban,Married,1,1,17.0,0
589,37,134682.0,903585.0,180,1.0,Urban,Single,1,0,29.0,0
590,27,141041.0,1470485.0,300,1.0,Semiurban,Single,0,0,48.0,0
591,45,87889.0,854444.0,180,1.0,Urban,Single,1,0,11.0,0
592,24,43821.0,1781076.0,300,1.0,Rural,Married,0,0,49.0,0
593,56,57567.0,,240,1.0,Urban,Married,0,0,10.0,0
594,26,135374.0,212990.0,300,1.0,Semiurban,Divorced,1,0,28.0,0
595,51,44860.0,1218095.0,360,1.0,Urban,Married,1,1,23.0,0
596,39,41195.0,1158079.0,300,0.0,Rural,Divorced,0,0,23.0,0
597,64,97475.0,1340351.0,180,1.0,Semiurban,Divorced,1,0,40.0,0
598,59,110874.0,1081883.0,180,,Rural,Divorced,0,0,13.0,0
599,47,107266.0,1768321.0,300,1.0,Rural,Divorced,1,0,40.0,0
600,30,41427.0,813226.0,360,1.0,Semiurban,Divorced,1,1,42.0,0
601,46,120732.0,1296553.0,240,1.0,Rural,Single,1,0,44.0,0
602,39,47083.0,1718702.0,360,1.0,Rural,Married,0,0,33.0,0
603,59,,1600071.0,240,1.0,Urban,Single,1,0,28.0,0
604,23,77372.0,1762353.0,180,,Rural,Divorced,1,1,,0
605,33,143786.0,126806.0,360,0.0,Rural,Married,1,1,46.0,0
606,48,64064.0,1324648.0,240,1.0,Rural,Single,1,0,49.0,0
607,40,27813.0,515384.0,300,1.0,Rural,Single,1,0,30.0,0
608,48,51598.0,,180,1.0,Semiurban,Divorced,0,0,18.0,0
609,28,132718.0,1973722.0,300,0.0,Urban,Single,1,0,43.0,0
610,61,146879.0,1333741.0,180,1.0,Rural,Single,1,0,33.0,0
611,59,113106.0,1990427.0,360,1.0,Rural,Single,0,1,10.0,1
612,21,47082.0,729720.0,360,0.0,Semiurban,Single,1,0,11.0,0
613,23,49241.0,570641.0,180,1.0,Rural,Single,0,1,41.0,1
614,33,116214.0,979381.0,180,1.0,Semiurban,Divorced,1,0,22.0,0
615,48,64569.0,1619603.0,180,1.0,Urban,Divorced,1,0,27.0,0
616,45,31745.0,507507.0,360,1.0,Urban,Single,0,0,48.0,0
617,53,,1850740.0,240,1.0,Rural,Divorced,1,0,42.0,0
618,58,33025.0,963403.0,300,1.0,Rural,Divorced,0,0,5.0,0
619,26,121660.0,979903.0,300,1.0,Rural,Married,1,0,8.0,0
620,64,143395.0,1999954.0,360,0.0,Semiurban,Single,0,0,48.0,0
621,52,34288.0,985421.0,300,0.0,Rural,Divorced,1,0,39.0,1
622,41,109186.0,184080.0,180,1.0,Rural,Divorced,0,0,27.0,0
623,36,26540.0,1401367.0,240,0.0,Urban,Single,1,0,31.0,0
624,41,117768.0,1078836.0,300,1.0,Rural,Married,1,0,30.0,0
625,31,101958.0,1226370.0,240,1.0,Urban,Single,0,0,12.0,0
626,57,88878.0,392985.0,180,1.0,Rural,Married,1,0,47.0,0
627,56,61846.0,224447.0,300,1.0,Urban,Single,1,0,20.0,0
628,55,121148.0,220029.0,360,1.0,Rural,Single,1,1,45.0,0
629,39,95932.0,279830.0,240,1.0,Urban,Single,0,1,7.0,0
630,40,37482.0,1656518.0,180,1.0,Semiurban,Single,1,0,36.0,0
631,38,43411.0,1486992.0,240,0.0,Urban,Married,0,0,9.0,0
632,61,70975.0,661931.0,300,1.0,Urban,Married,0,0,24.0,0
633,34,80545.0,406094.0,300,1.0,Urban,Divorced,1,1,18.0,0
634,35,132302.0,1336497.0,360,1.0,Rural,Single,0,0,36.0,0
635,51,98797.0,1511220.0,180,1.0,Rural,Married,0,0,30.0,0
636,21,72307.0,783404.0,180,0.0,Rural,Married,0,1,10.0,0
637,23,23093.0,1647261.0,360,1.0,Semiurban,Married,0,0,40.0,0
638,36,97258.0,487732.0,360,1.0,Semiurban,Single,0,0,,0
639,43,42042.0,1688861.0,180,1.0,Urban,Divorced,1,0,9.0,0
640,31,72930.0,966183.0,240,1.0,Semiurban,Married,0,0,17.0,0
641,32,137584.0,722893.0,240,1.0,Urban,Single,1,1,36.0,0
642,30,,941965.0,360,1.0,Urban,Married,0,1,20.0,0
643,52,133387.0,444710.0,240,,Urban,Married,1,0,5.0,0
644,36,113623.0,1898806.0,180,1.0,Semiurban,Divorced,0,0,,0
645,28,117883.0,1818507.0,300,1.0,Rural,Married,1,0,15.0,0
646,58,53756.0,732543.0,300,0.0,Semiurban,Married,1,0,12.0,1
647,32,73268.0,884586.0,240,1.0,Urban,Single,0,0,29.0,0
648,44,59214.0,1111967.0,360,1.0,Urban,Single,1,0,44.0,0
649,48,101871.0,551157.0,360,1.0,Semiurban,Divorced,1,0,36.0,0
650,28,147844.0,1206581.0,360,1.0,Urban,Single,0,0,28.0,0
651,48,48602.0,1365898.0,360,1.0,Urban,Single,1,0,32.0,0
652,56,73331.0,1338360.0,360,1.0,Semiurban,Divorced,1,0,18.0,0
653,46,68901.0,1716405.0,240,1.0,Semiurban,Married,1,0,49.0,0
654,28,119986.0,123387.0,300,1.0,Semiurban,Divorced,0,0,7.0,0
655,48,83416.0,980412.0,300,0.0,Urban,Single,1,0,40.0,0
656,48,52196.0,1852844.0,240,0.0,Urban,Divorced,1,0,31.0,0
657,57,148386.0,,360,1.0,Rural,Married,1,0,24.0,0
658,61,25626.0,244129.0,240,0.0,Rural,Divorced,1,0,19.0,0
659,56,27424.0,1736892.0,300,0.0,Semiurban,Single,0,0,31.0,0
660,47,32857.0,1128308.0,180,1.0,Rural,Single,1,0,49.0,0
661,37,130459.0,1792110.0,240,1.0,Urban,Divorced,0,0,45.0,0
662,29,135621.0,417875.0,360,1.0,Rural,Married,0,1,32.0,0
663,53,39982.0,1828794.0,300,0.0,Urban,Divorced,1,0,29.0,0
664,40,96961.0,1328337.0,300,1.0,Semiurban,Married,1,0,46.0,0
665,33,21980.0,668926.0,300,0.0,Semiurban,Married,0,0,48.0,0
666,48,68290.0,584814.0,300,1.0,Urban,Divorced,1,0,37.0,0
667,49,46431.0,1326134.0,360,1.0,Rural,Married,1,0,18.0,0
668,33,104976.0,1693431.0,180,,Semiurban,Single,1,0,12.0,0
669,55,127288.0,522955.0,300,1.0,Semiurban,Divorced,1,0,18.0,0
670,26,102711.0,1730668.0,240,0.0,Rural,Married,1,0,5.0,0
671,38,134187.0,1519541.0,180,1.0,Rural,Single,0,0,20.0,0
672,25,,1152330.0,300,1.0,Urban,Divorced,0,0,22.0,0
673,45,58158.0,1699908.0,180,1.0,Rural,Single,1,1,11.0,0
674,22,43019.0,167260.0,240,0.0,Rural,Single,0,0,19.0,0
675,30,38639.0,1215488.0,300,1.0,Rural,Single,1,1,28.0,0
676,50,105530.0,356695.0,240,1.0,Urban,Married,1,1,17.0,0
677,25,119911.0,632994.0,360,1.0,Urban,Divorced,1,0,13.0,0
678,53,41563.0,895326.0,300,1.0,Semiurban,Divorced,0,0,19.0,0
679,21,59341.0,446130.0,300,1.0,Urban,Married,1,0,39.0,0
680,38,135672.0,968374.0,300,,Semiurban,Divorced,1,1,28.0,0
681,52,25776.0,1855548.0,300,1.0,Rural,Single,1,1,37.0,0
682,31,56444.0,129725.0,360,1.0,Semiurban,Divorced,0,0,20.0,0
683,41,88916.0,1285574.0,300,1.0,Semiurban,Married,1,1,12.0,0
684,46,28711.0,204555.0,180,1.0,Rural,Single,1,0,33.0,0
685,45,94318.0,361486.0,300,1.0,Semiurban,Married,1,0,27.0,0
686,42,102970.0,895928.0,360,1.0,Urban,Single,1,1,49.0,0
687,47,132301.0,1729311.0,300,1.0,Urban,Single,0,1,35.0,0
688,33,105553.0,,180,1.0,Urban,Divorced,0,0,44.0,0
689,53,50707.0,1833742.0,360,1.0,Urban,Single,1,1,18.0,0
690,54,59110.0,974631.0,360,1.0,Semiurban,Married,1,1,34.0,1
691,61,149410.0,665609.0,180,1.0,Semiurban,Divorced,1,1,43.0,0
692,55,81788.0,1925977.0,180,1.0,Rural,Married,0,1,31.0,0
693,21,102879.0,333103.0,180,0.0,Semiurban,Single,0,1,20.0,0
694,41,58827.0,1082599.0,180,1.0,Semiurban,Married,0,0,10.0,0
695,26,127188.0,515872.0,180,1.0,Semiurban,Married,0,1,37.0,0
696,48,25655.0,155147.0,360,,Rural,Single,1,0,48.0,0
697,37,64859.0,1764260.0,360,1.0,Urban,Divorced,1,1,22.0,0
698,25,73625.0,542882.0,300,1.0,Semiurban,Married,0,0,20.0,0
699,51,72098.0,575584.0,300,0.0,Rural,Single,0,0,,0
700,25,,,240,1.0,Rural,Divorced,0,0,,0
701,58,142413.0,344839.0,300,,Rural,Divorced,1,0,49.0,0
702,23,20526.0,556162.0,300,1.0,Urban,Divorced,0,0,44.0,0
703,43,88760.0,,180,1.0,Semiurban,Married,1,1,33.0,0
704,57,67837.0,1912287.0,180,0.0,Rural,Married,1,1,34.0,0
705,57,145133.0,1243657.0,300,0.0,Urban,Married,1,0,30.0,0
706,30,149478.0,1533441.0,240,1.0,Rural,Divorced,1,1,26.0,0
707,30,31536.0,1913994.0,180,1.0,Rural,Married,1,1,37.0,0
708,39,48541.0,1740920.0,300,1.0,Rural,Single,1,0,43.0,0
709,37,99083.0,1807017.0,300,0.0,Rural,Married,0,0,33.0,0
710,41,71027.0,789556.0,360,1.0,Rural,Married,1,1,26.0,0
711,34,54531.0,792095.0,240,0.0,Urban,Divorced,1,0,49.0,0
712,29,28712.0,860109.0,360,0.0,Semiurban,Married,0,1,17.0,0
713,21,124101.0,1228678.0,240,1.0,Semiurban,Single,1,1,13.0,0
714,33,85455.0,1097082.0,180,1.0,Semiurban,Divorced,0,1,28.0,0
715,24,94744.0,256570.0,240,1.0,Semiurban,Single,1,0,19.0,0
716,21,141787.0,1749729.0,300,1.0,Urban,Divorced,1,0,40.0,0
717,60,149749.0,1835592.0,300,1.0,Urban,Divorced,1,0,17.0,0
718,52,25109.0,1216271.0,240,1.0,Urban,Married,1,0,31.0,0
719,54,141332.0,,240,1.0,Rural,Single,1,0,48.0,0
720,48,69268.0,621608.0,240,1.0,Rural,Divorced,1,0,41.0,0
721,51,120737.0,217235.0,360,1.0,Rural,Married,1,0,11.0,0
722,28,74615.0,1102403.0,240,1.0,Semiurban,Divorced,1,1,12.0,0
723,59,102503.0,1589493.0,180,0.0,Rural,Divorced,1,0,41.0,0
724,46,143274.0,1781641.0,360,1.0,Semiurban,Divorced,1,0,45.0,0
725,54,49759.0,1167609.0,360,0.0,Rural,Divorced,1,0,18.0,0
726,23,105708.0,616409.0,240,1.0,Semiurban,Divorced,1,0,16.0,0
727,32,80112.0,766165.0,180,1.0,Rural,Divorced,1,0,40.0,0
728,21,122471.0,791211.0,360,0.0,Rural,Married,1,1,44.0,0
729,64,146740.0,651120.0,300,,Urban,Divorced,0,0,21.0,0
730,25,143153.0,1343085.0,360,1.0,Rural,Single,1,1,44.0,0
731,50,46589.0,1526445.0,240,1.0,Rural,Married,1,0,33.0,0
732,50,50015.0,245016.0,180,0.0,Urban,Single,0,1,31.0,0
733,37,49009.0,382017.0,240,1.0,Semiurban,Divorced,0,1,5.0,0
734,43,103309.0,1713236.0,300,1.0,Urban,Single,1,1,38.0,0
735,35,146446.0,1238040.0,300,1.0,Urban,Divorced,0,1,8.0,0
736,57,82046.0,770739.0,300,1.0,Semiurban,Divorced,0,1,28.0,0
737,41,126661.0,1265898.0,240,1.0,Rural,Married,1,1,25.0,0
738,34,46143.0,1840687.0,360,1.0,Semiurban,Married,1,0,37.0,0
739,22,,845182.0,240,1.0,Rural,Divorced,1,0,11.0,0
740,31,41804.0,1940118.0,180,1.0,Rural,Married,1,0,5.0,0
741,59,61688.0,547557.0,360,0.0,Semiurban,Single,1,0,45.0,0
742,58,84288.0,898519.0,300,,Urban,Married,0,0,7.0,0
743,54,71195.0,516978.0,240,0.0,Semiurban,Married,1,0,48.0,0
744,58,40581.0,1133316.0,300,1.0,Rural,Single,1,1,19.0,0
745,54,72648.0,969049.0,300,1.0,Semiurban,Married,1,1,35.0,0
746,38,50087.0,724771.0,180,1.0,Semiurban,Divorced,0,0,20.0,0
747,50,69930.0,623886.0,360,1.0,Rural,Single,1,0,14.0,0
748,35,52981.0,1682460.0,180,1.0,Urban,Divorced,0,1,33.0,0
749,47,89298.0,1383203.0,180,0.0,Semiurban,Single,1,0,10.0,0
750,54,66167.0,1780403.0,180,1.0,Rural,Divorced,0,1,33.0,0
751,58,95304.0,642601.0,300,1.0,Rural,Divorced,1,0,21.0,0
752,53,63408.0,1870485.0,180,1.0,Semiurban,Married,1,0,,0
753,44,59499.0,1263490.0,180,1.0,Urban,Divorced,0,0,28.0,0
754,35,145816.0,647993.0,360,1.0,Semiurban,Married,1,1,21.0,0
755,50,72269.0,1871300.0,360,1.0,Urban,Single,1,0,25.0,0
756,62,58559.0,203892.0,180,1.0,Urban,Divorced,1,0,15.0,0
757,37,134126.0,1882581.0,360,1.0,Urban,Divorced,1,0,11.0,0
758,25,94319.0,1412743.0,360,1.0,Urban,Single,1,0,46.0,0
759,49,131925.0,743942.0,180,0.0,Semiurban,Single,1,1,43.0,0
760,24,115317.0,1339444.0,300,1.0,Rural,Divorced,0,1,9.0,0
761,30,116347.0,1228649.0,180,0.0,Rural,Single,0,0,48.0,0
762,37,68787.0,1737293.0,360,1.0,Rural,Married,0,0,25.0,0
763,30,55488.0,204195.0,300,0.0,Rural,Single,1,0,22.0,0
764,37,94441.0,816987.0,240,1.0,Rural,Single,0,1,39.0,0
765,40,94663.0,1182424.0,300,1.0,Rural,Divorced,0,1,24.0,0
766,44,42431.0,1032883.0,360,1.0,Semiurban,Married,1,0,19.0,0
767,25,,1438486.0,300,0.0,Urban,Single,1,1,9.0,0
768,54,83483.0,1126630.0,180,0.0,Rural,Married,1,0,17.0,0
769,26,142720.0,168099.0,240,0.0,Semiurban,Married,0,1,16.0,0
770,22,69153.0,,240,0.0,Rural,Married,1,1,25.0,0
771,33,26368.0,1112237.0,240,0.0,Rural,Divorced,1,1,41.0,0
772,63,,,360,1.0,Urban,Single,1,1,10.0,0
773,63,132360.0,1820023.0,360,,Urban,Divorced,0,0,11.0,0
774,31,65004.0,673156.0,240,0.0,Urban,Single,1,1,30.0,0
775,43,103869.0,1791983.0,300,1.0,Rural,Single,1,0,46.0,0
776,36,108652.0,1565017.0,240,1.0,Rural,Divorced,0,0,12.0,0
777,51,132755.0,1417363.0,300,1.0,Rural,Married,1,0,13.0,0
778,31,,586275.0,300,1.0,Urban,Married,1,1,31.0,0
779,36,70069.0,398871.0,360,1.0,Semiurban,Single,0,0,8.0,0
780,28,72326.0,1257655.0,300,0.0,Rural,Divorced,1,0,25.0,0
781,24,128737.0,,240,1.0,Rural,Married,0,0,35.0,0
782,60,101061.0,1164605.0,360,1.0,Rural,Married,0,0,,0
783,24,,1394929.0,180,0.0,Semiurban,Single,1,0,44.0,0
784,45,118393.0,507442.0,180,1.0,Rural,Single,1,1,29.0,0
785,23,70861.0,1343294.0,360,0.0,Semiurban,Divorced,1,1,43.0,0
786,52,95897.0,1570523.0,240,0.0,Rural,Single,1,0,19.0,0
787,23,101905.0,1520178.0,180,1.0,Semiurban,Married,0,1,39.0,0
788,47,147118.0,996816.0,180,1.0,Rural,Married,1,1,47.0,0
789,49,88577.0,1217502.0,300,1.0,Urban,Married,1,0,45.0,0
790,52,85641.0,1809933.0,300,0.0,Urban,Married,1,1,,0
791,39,29078.0,417650.0,240,1.0,Urban,Divorced,1,1,46.0,0
792,41,45003.0,543031.0,360,1.0,Urban,Divorced,1,0,32.0,0
793,25,82768.0,1190668.0,240,1.0,Rural,Single,1,0,18.0,0
794,38,71047.0,1473259.0,360,1.0,Urban,Single,1,1,8.0,0
795,48,91626.0,1083581.0,180,0.0,Semiurban,Single,0,0,24.0,0
796,62,77660.0,252889.0,300,0.0,Urban,Divorced,1,0,38.0,0
797,42,124386.0,793221.0,240,1.0,Urban,Married,0,0,16.0,0
798,41,69786.0,1686292.0,240,1.0,Urban,Single,0,0,37.0,0
799,26,21925.0,275006.0,360,1.0,Rural,Married,0,1,28.0,0
800,21,103976.0,1919491.0,360,1.0,Urban,Single,1,0,,0
801,25,125221.0,869727.0,240,1.0,Semiurban,Single,1,0,9.0,0
802,61,137832.0,1289906.0,360,0.0,Urban,Single,1,0,42.0,0
803,32,145150.0,,240,1.0,Urban,Single,1,0,34.0,0
804,46,46015.0,1885516.0,240,0.0,Urban,Single,1,0,28.0,0
805,54,53320.0,1416189.0,240,1.0,Semiurban,Married,0,0,47.0,0
806,34,84881.0,390998.0,180,1.0,Urban,Single,0,1,44.0,0
807,46,110827.0,761616.0,360,1.0,Semiurban,Married,1,0,11.0,0
808,47,140071.0,1928022.0,300,1.0,Semiurban,Divorced,1,0,40.0,0
809,29,122215.0,176256.0,300,,Urban,Single,1,0,42.0,0
810,46,46289.0,1051441.0,360,0.0,Semiurban,Married,1,0,20.0,0
811,42,148859.0,1509854.0,240,0.0,Rural,Divorced,0,0,19.0,0
812,50,23389.0,,300,1.0,Urban,Divorced,1,0,27.0,0
813,63,45683.0,281360.0,300,1.0,Urban,Divorced,1,1,16.0,0
814,37,33629.0,446874.0,360,1.0,Semiurban,Married,1,0,33.0,0
815,46,81550.0,518267.0,300,0.0,Semiurban,Single,0,1,48.0,0
816,56,44826.0,1438106.0,240,1.0,Urban,Single,1,0,19.0,1
817,21,120734.0,,360,1.0,Rural,Married,1,1,33.0,0
818,28,46630.0,1033688.0,240,1.0,Semiurban,Single,0,0,49.0,0
819,55,118762.0,133787.0,300,,Semiurban,Married,1,1,,0
820,35,66163.0,645909.0,300,1.0,Rural,Single,1,0,25.0,0
821,42,118511.0,702272.0,240,1.0,Rural,Divorced,1,0,19.0,0
822,34,86435.0,1601584.0,180,0.0,Urban,Single,1,0,18.0,0
823,46,31653.0,1587045.0,300,1.0,Rural,Married,1,1,46.0,0
824,48,47961.0,1969059.0,180,0.0,Urban,Married,1,0,48.0,0
825,43,101941.0,411955.0,300,1.0,Rural,Divorced,0,0,20.0,0
826,34,94137.0,130447.0,180,1.0,Semiurban,Married,0,1,19.0,0
827,44,53662.0,,180,1.0,Urban,Single,0,0,46.0,0
828,22,118818.0,839290.0,180,,Urban,Single,1,1,8.0,0
829,46,76446.0,1665070.0,240,,Urban,Divorced,1,0,,0
830,34,41288.0,1117541.0,180,1.0,Rural,Married,1,1,27.0,0
831,27,142555.0,1834190.0,180,1.0,Semiurban,Divorced,1,0,33.0,0
832,23,115081.0,741147.0,180,1.0,Urban,Single,1,0,45.0,0
833,43,56877.0,288490.0,300,,Urban,Divorced,1,0,13.0,0
834,63,131562.0,1132038.0,180,1.0,Urban,Married,0,1,,0
835,38,35313.0,507688.0,300,1.0,Urban,Divorced,1,0,47.0,1
836,58,100885.0,604409.0,180,1.0,Semiurban,Married,1,0,11.0,0
837,55,92715.0,1676335.0,180,1.0,Rural,Married,1,1,46.0,0
838,35,30326.0,1386980.0,240,1.0,Semiurban,Single,1,0,8.0,0
839,45,130091.0,1793176.0,300,0.0,Urban,Single,1,1,9.0,0
840,57,145836.0,616595.0,180,0.0,Semiurban,Single,0,1,9.0,0
841,48,21560.0,,300,1.0,Urban,Married,1,1,15.0,0
842,30,99148.0,763689.0,300,0.0,Rural,Divorced,1,1,45.0,0
843,59,103186.0,265937.0,360,1.0,Rural,Married,1,0,32.0,0
844,37,46745.0,1195426.0,240,1.0,Rural,Single,1,0,20.0,0
845,59,51890.0,1464940.0,240,1.0,Urban,Single,1,1,45.0,0
846,42,40022.0,343306.0,240,1.0,Semiurban,Divorced,1,0,34.0,0
847,46,,1242384.0,360,1.0,Rural,Single,1,0,,0
848,64,72579.0,1650173.0,360,1.0,Urban,Single,1,1,6.0,0
849,45,90316.0,761757.0,240,1.0,Urban,Single,1,0,7.0,0
850,37,103847.0,328981.0,360,1.0,Semiurban,Divorced,1,1,25.0,0
851,33,48380.0,,360,1.0,Rural,Married,1,1,10.0,0
852,40,130198.0,1839461.0,360,0.0,Urban,Single,1,1,,0
853,45,22356.0,153072.0,240,1.0,Semiurban,Divorced,0,1,22.0,0
854,24,90326.0,1894042.0,240,1.0,Rural,Single,1,1,48.0,0
855,30,112447.0,1756684.0,240,1.0,Semiurban,Divorced,0,1,9.0,0
856,23,134994.0,1626322.0,360,1.0,Semiurban,Single,1,0,13.0,0
857,61,109899.0,1171860.0,240,1.0,Urban,Divorced,0,0,24.0,0
858,38,40049.0,183369.0,360,1.0,Urban,Single,0,1,32.0,0
859,56,95717.0,911554.0,180,1.0,Urban,Married,0,1,30.0,0
860,42,125361.0,837266.0,360,0.0,Semiurban,Single,0,0,22.0,0
861,54,36082.0,687100.0,300,0.0,Urban,Divorced,0,0,23.0,0
862,28,20661.0,1418719.0,240,1.0,Semiurban,Single,1,0,7.0,0
863,60,57412.0,384580.0,240,1.0,Semiurban,Married,1,0,13.0,0
864,64,134015.0,1977971.0,300,1.0,Urban,Single,1,1,40.0,0
865,39,143191.0,1806032.0,360,1.0,Rural,Divorced,1,1,35.0,0
866,62,22920.0,623156.0,180,1.0,Rural,Divorced,0,0,,0
867,61,111194.0,869097.0,300,1.0,Rural,Married,1,0,27.0,0
868,57,134306.0,1567071.0,300,0.0,Semiurban,Divorced,0,0,38.0,0
869,26,80315.0,352164.0,360,1.0,Semiurban,Single,0,1,45.0,0
870,46,99561.0,869605.0,240,0.0,Semiurban,Single,1,0,45.0,0
871,54,28946.0,1436921.0,360,0.0,Urban,Single,0,0,9.0,0
872,26,114242.0,250787.0,300,1.0,Semiurban,Divorced,1,0,19.0,0
873,57,65500.0,260381.0,300,0.0,Urban,Single,1,0,7.0,0
874,53,124540.0,,240,0.0,Urban,Single,1,0,23.0,0
875,42,,549830.0,240,0.0,Rural,Single,1,0,32.0,0
876,41,75230.0,1677969.0,240,1.0,Rural,Married,0,0,7.0,0
877,26,131822.0,1004098.0,360,1.0,Rural,Divorced,1,0,42.0,0
878,26,118656.0,1505568.0,240,1.0,Urban,Divorced,0,0,8.0,0
879,24,143782.0,1937847.0,300,1.0,Urban,Divorced,1,1,28.0,0
880,50,50027.0,,300,1.0,Urban,Married,0,1,35.0,0
881,31,146768.0,930051.0,180,1.0,Semiurban,Divorced,1,1,49.0,0
882,50,92541.0,1715685.0,360,0.0,Urban,Married,1,1,49.0,0
883,51,132340.0,750024.0,180,1.0,Rural,Married,1,0,15.0,0
884,44,134846.0,1030997.0,300,1.0,Rural,Divorced,1,0,41.0,0
885,29,79321.0,641357.0,180,1.0,Urban,Single,1,0,5.0,0
886,23,20956.0,1654235.0,300,1.0,Urban,Single,1,1,13.0,0
887,51,120375.0,107531.0,180,1.0,Rural,Divorced,1,1,21.0,0
888,60,94131.0,530267.0,240,1.0,Urban,Divorced,0,0,5.0,0
889,57,67908.0,1811672.0,180,1.0,Rural,Married,1,0,7.0,0
890,56,98339.0,1811646.0,240,1.0,Semiurban,Divorced,0,0,30.0,0
891,44,145659.0,1215731.0,240,1.0,Rural,Married,0,1,35.0,0
892,51,,1031479.0,360,1.0,Semiurban,Divorced,1,0,30.0,0
893,26,121757.0,1735288.0,240,1.0,Urban,Single,1,0,27.0,0
894,22,59443.0,407747.0,240,1.0,Urban,Single,1,0,34.0,0
895,40,119259.0,1040756.0,180,0.0,Semiurban,Divorced,0,0,14.0,0
896,48,59063.0,574013.0,300,1.0,Urban,Married,1,1,12.0,0
897,31,134225.0,232503.0,360,0.0,Semiurban,Single,0,0,48.0,0
898,24,136400.0,,240,1.0,Urban,Married,0,1,29.0,0
899,35,,792841.0,360,1.0,Rural,Divorced,0,0,26.0,0
900,26,,764917.0,180,1.0,Urban,Divorced,1,1,19.0,0
901,50,85128.0,1514022.0,240,0.0,Rural,Single,1,1,45.0,0
902,58,92099.0,1804098.0,180,1.0,Rural,Divorced,0,0,14.0,0
903,22,,1052246.0,360,0.0,Semiurban,Single,1,0,24.0,0
904,35,51860.0,119675.0,180,1.0,Urban,Married,0,1,45.0,0
905,31,51585.0,173997.0,360,1.0,Semiurban,Single,1,0,27.0,0
906,28,42015.0,248087.0,180,1.0,Urban,Single,1,1,5.0,0
907,46,97539.0,1067561.0,360,1.0,Rural,Married,1,1,6.0,0
908,64,63585.0,586799.0,300,1.0,Rural,Single,1,1,23.0,0
909,25,46958.0,619349.0,180,0.0,Urban,Single,1,0,18.0,0
910,26,46017.0,855678.0,180,1.0,Urban,Divorced,1,0,12.0,0
911,46,96707.0,240905.0,300,,Semiurban,Married,1,0,42.0,0
912,24,144677.0,370040.0,300,1.0,Urban,Single,1,0,16.0,0
913,39,65350.0,1574764.0,180,1.0,Urban,Married,1,1,30.0,0
914,40,32201.0,411877.0,300,0.0,Urban,Married,0,1,31.0,0
915,53,49426.0,1924299.0,240,1.0,Semiurban,Single,1,0,33.0,0
916,40,37778.0,666088.0,360,1.0,Urban,Divorced,1,1,19.0,0
917,32,65241.0,1244620.0,360,1.0,Rural,Married,0,0,5.0,0
918,21,62229.0,367491.0,360,0.0,Semiurban,Single,1,0,47.0,0
919,46,106652.0,1862999.0,240,0.0,Semiurban,Married,1,1,32.0,0
920,34,148267.0,589066.0,300,,Rural,Divorced,1,1,7.0,0
921,58,138402.0,758003.0,300,1.0,Rural,Divorced,1,0,22.0,0
922,57,68364.0,402929.0,180,0.0,Rural,Divorced,1,1,38.0,0
923,31,118833.0,905113.0,300,1.0,Urban,Single,1,0,36.0,0
924,56,146503.0,466008.0,180,1.0,Rural,Single,1,0,33.0,0
925,33,149044.0,1033396.0,240,1.0,Urban,Divorced,1,0,29.0,0
926,63,104878.0,933731.0,360,1.0,Semiurban,Single,1,1,,0
927,23,77056.0,1165649.0,360,1.0,Semiurban,Divorced,1,0,43.0,0
928,53,47490.0,,360,1.0,Rural,Single,1,0,12.0,0
929,26,147769.0,853158.0,300,1.0,Urban,Divorced,1,0,,0
930,30,39975.0,1900830.0,180,,Rural,Married,1,1,46.0,0
931,25,46723.0,1556081.0,180,0.0,Rural,Divorced,0,0,26.0,0
932,43,43279.0,215359.0,240,0.0,Urban,Divorced,0,0,33.0,0
933,30,98301.0,1025431.0,300,1.0,Rural,Single,1,0,37.0,0
934,64,,166707.0,240,0.0,Semiurban,Single,1,0,42.0,0
935,22,31561.0,351351.0,180,1.0,Rural,Single,0,1,49.0,0
936,33,127435.0,570670.0,180,0.0,Urban,Single,0,0,39.0,0
937,60,86061.0,1387087.0,360,0.0,Urban,Single,0,1,47.0,0
938,22,108397.0,1384294.0,300,1.0,Semiurban,Single,1,0,7.0,0
939,40,69153.0,1738292.0,180,1.0,Urban,Married,0,1,23.0,0
940,21,53142.0,150601.0,360,,Urban,Divorced,1,0,14.0,0
941,57,46916.0,1094969.0,300,0.0,Semiurban,Divorced,1,0,31.0,0
942,29,84324.0,1544331.0,240,0.0,Rural,Divorced,1,0,19.0,1
943,37,64965.0,595479.0,300,1.0,Semiurban,Married,1,1,15.0,0
944,29,145932.0,1784351.0,300,1.0,Rural,Divorced,0,1,30.0,0
945,31,24648.0,1826605.0,180,,Semiurban,Married,1,0,28.0,0
946,35,55133.0,1612760.0,180,1.0,Rural,Married,1,1,17.0,0
947,44,70677.0,1562436.0,300,1.0,Semiurban,Married,1,0,36.0,0
948,58,116059.0,1560537.0,180,1.0,Rural,Divorced,1,0,41.0,0
949,55,114588.0,351924.0,180,1.0,Semiurban,Married,1,0,8.0,0
950,50,119950.0,883441.0,180,1.0,Rural,Divorced,0,0,17.0,0
951,51,118317.0,1963236.0,360,1.0,Semiurban,Divorced,1,1,13.0,0
952,25,90135.0,1671970.0,360,1.0,Urban,Single,0,0,38.0,0
953,64,55046.0,349430.0,300,1.0,Rural,Single,1,0,41.0,0
954,34,67064.0,1576313.0,180,1.0,Semiurban,Married,0,0,11.0,0
955,31,121459.0,1271364.0,360,0.0,Rural,Married,0,0,5.0,0
956,29,126625.0,1770103.0,300,0.0,Rural,Divorced,1,0,16.0,0
957,54,89350.0,1699792.0,180,1.0,Semiurban,Married,0,0,25.0,0
958,32,65893.0,380466.0,240,1.0,Rural,Married,1,0,15.0,0
959,55,121520.0,550930.0,180,0.0,Semiurban,Divorced,0,0,48.0,0
960,55,145818.0,1498616.0,180,1.0,Urban,Married,0,0,48.0,0
961,21,81272.0,1210868.0,360,1.0,Rural,Married,1,0,48.0,0
962,60,112152.0,653343.0,300,1.0,Urban,Divorced,1,0,18.0,0
963,42,142907.0,405035.0,300,1.0,Rural,Divorced,1,0,38.0,0
964,49,87649.0,,360,1.0,Rural,Single,0,0,38.0,0
965,28,84674.0,1810524.0,180,0.0,Rural,Divorced,1,0,29.0,0
966,31,144132.0,1501256.0,240,0.0,Semiurban,Single,1,0,8.0,0
967,61,139044.0,368448.0,180,0.0,Urban,Married,1,0,30.0,0
968,57,128542.0,1680209.0,180,1.0,Rural,Divorced,1,0,20.0,0
969,34,33760.0,1308948.0,240,0.0,Semiurban,Divorced,1,0,14.0,0
970,50,41927.0,1041763.0,360,1.0,Rural,Divorced,1,0,49.0,0
971,55,106475.0,191006.0,300,1.0,Semiurban,Married,1,1,6.0,0
972,41,81367.0,229350.0,360,,Rural,Single,1,0,39.0,0
973,57,117955.0,,360,0.0,Urban,Married,1,0,23.0,0
974,25,32588.0,905878.0,180,0.0,Urban,Married,0,1,10.0,0
975,39,141750.0,888768.0,300,0.0,Rural,Divorced,1,0,23.0,0
976,34,121678.0,1997040.0,300,1.0,Semiurban,Single,1,1,,0
977,46,124734.0,306487.0,360,1.0,Rural,Married,0,0,18.0,0
978,24,138154.0,197852.0,240,0.0,Semiurban,Divorced,0,1,14.0,0
979,45,72233.0,1640668.0,360,0.0,Rural,Married,0,0,7.0,0
980,62,64738.0,1287169.0,240,,Semiurban,Married,0,0,,0
981,45,53397.0,827067.0,300,0.0,Urban,Divorced,1,1,33.0,0
982,38,102189.0,778841.0,360,1.0,Rural,Divorced,1,0,19.0,0
983,60,96367.0,380618.0,180,,Urban,Single,1,0,27.0,0
984,28,144873.0,1326408.0,360,1.0,Urban,Married,0,1,27.0,0
985,59,91260.0,942150.0,300,1.0,Rural,Divorced,1,0,22.0,0
986,60,140585.0,1455349.0,180,0.0,Rural,Divorced,1,0,23.0,0
987,34,96619.0,,180,1.0,Semiurban,Single,1,0,32.0,0
988,52,,448688.0,240,1.0,Semiurban,Single,1,0,30.0,0
989,58,39816.0,560385.0,180,1.0,Urban,Divorced,0,1,14.0,0
990,53,62240.0,883301.0,180,1.0,Semiurban,Single,1,1,8.0,0
991,43,26276.0,412813.0,360,0.0,Semiurban,Divorced,1,0,6.0,0
992,35,133939.0,1357669.0,300,0.0,Rural,Married,1,0,7.0,0
993,53,124199.0,1126657.0,240,0.0,Semiurban,Single,1,0,11.0,0
994,45,99530.0,1479904.0,360,1.0,Urban,Married,0,0,20.0,0
995,37,43499.0,1851881.0,180,1.0,Semiurban,Married,1,1,35.0,0
996,53,108576.0,1161716.0,180,1.0,Urban,Married,1,0,14.0,0
997,22,128856.0,1537188.0,240,1.0,Rural,Divorced,0,0,23.0,0
998,34,102495.0,1756321.0,300,1.0,Urban,Married,1,1,32.0,0
999,60,141717.0,638645.0,240,1.0,Semiurban,Married,0,1,21.0,0
1000,60,91635.0,1671951.0,360,0.0,Rural,Married,0,0,32.0,0
1001,59,127803.0,1260248.0,240,1.0,Semiurban,Divorced,0,0,23.0,0
1002,26,105112.0,430817.0,180,0.0,Rural,Married,0,0,41.0,0
1003,26,55946.0,,360,1.0,Rural,Married,1,1,27.0,0
1004,23,75204.0,1738497.0,180,1.0,Semiurban,Single,0,0,24.0,0
1005,27,71886.0,832303.0,300,0.0,Semiurban,Divorced,0,0,17.0,0
1006,28,91652.0,720399.0,180,1.0,Rural,Married,1,0,17.0,0
1007,62,35563.0,964690.0,180,1.0,Rural,Single,1,0,47.0,0
1008,35,112324.0,506140.0,240,1.0,Semiurban,Divorced,1,0,15.0,0
1009,49,112464.0,1217862.0,180,1.0,Urban,Divorced,1,1,19.0,0
1010,53,,193269.0,360,1.0,Semiurban,Divorced,1,1,21.0,0
1011,50,29847.0,358635.0,360,0.0,Rural,Divorced,0,1,32.0,1
1012,59,46155.0,1222647.0,300,0.0,Semiurban,Divorced,1,0,23.0,0
1013,47,99671.0,1599118.0,360,0.0,Urban,Divorced,0,1,8.0,0
1014,56,136891.0,1369671.0,240,1.0,Semiurban,Married,1,1,26.0,0
1015,49,103310.0,613317.0,300,0.0,Rural,Married,0,0,26.0,0
1016,58,87278.0,1179227.0,360,1.0,Semiurban,Married,1,0,41.0,0
1017,53,38309.0,170202.0,240,,Rural,Married,1,0,43.0,0
1018,57,20619.0,1197353.0,360,1.0,Rural,Single,1,1,38.0,0
1019,47,103194.0,248066.0,360,1.0,Semiurban,Married,0,0,37.0,0
1020,53,70108.0,953695.0,180,1.0,Rural,Divorced,1,1,48.0,0
1021,24,54707.0,290706.0,360,1.0,Rural,Married,1,0,46.0,0
1022,42,40337.0,724446.0,360,0.0,Urban,Married,1,1,44.0,0
1023,22,145261.0,897232.0,240,0.0,Urban,Divorced,0,0,37.0,0
1024,30,101537.0,924255.0,240,1.0,Urban,Married,1,1,16.0,0
1025,25,86504.0,1912511.0,180,0.0,Urban,Married,1,0,6.0,0
1026,30,67614.0,1474598.0,360,0.0,Rural,Married,1,1,32.0,0
1027,53,111428.0,380852.0,180,1.0,Semiurban,Single,1,0,14.0,1
1028,58,111155.0,768179.0,360,0.0,Rural,Married,1,0,26.0,0
1029,33,20281.0,1878841.0,300,1.0,Rural,Divorced,1,0,21.0,0
1030,51,47420.0,688158.0,300,0.0,Rural,Divorced,1,0,30.0,0
1031,56,100896.0,633571.0,180,1.0,Semiurban,Married,1,0,7.0,0
1032,44,59030.0,1834509.0,180,1.0,Urban,Married,0,0,11.0,0
1033,35,21058.0,965139.0,180,1.0,Rural,Married,1,1,48.0,0
1034,49,106213.0,1572725.0,240,1.0,Rural,Divorced,0,0,12.0,0
1035,28,96260.0,1678638.0,240,1.0,Urban,Divorced,0,0,24.0,0
1036,25,48404.0,1351703.0,240,0.0,Rural,Single,1,0,16.0,0
1037,49,123482.0,1290631.0,180,1.0,Semiurban,Single,0,0,39.0,0
1038,24,125284.0,1769332.0,360,1.0,Rural,Single,1,1,21.0,0
1039,32,49856.0,904565.0,300,1.0,Rural,Divorced,1,0,32.0,0
1040,22,,625069.0,180,1.0,Urban,Single,1,1,45.0,0
1041,47,84178.0,214586.0,240,0.0,Rural,Married,1,0,14.0,0
1042,51,53997.0,1598492.0,240,1.0,Rural,Married,1,0,26.0,0
1043,56,45611.0,389768.0,180,1.0,Semiurban,Divorced,0,1,42.0,0
1044,56,139273.0,631111.0,180,0.0,Urban,Single,1,0,37.0,0
1045,46,61235.0,642777.0,240,1.0,Urban,Married,1,0,,0
1046,63,137428.0,1136059.0,360,0.0,Semiurban,Divorced,1,0,48.0,0
1047,47,55057.0,271033.0,240,0.0,Rural,Single,1,1,41.0,0
1048,25,21239.0,1661456.0,240,0.0,Urban,Married,1,0,17.0,0
1049,40,123674.0,1439838.0,180,0.0,Urban,Single,0,0,31.0,0
1050,31,134474.0,1248993.0,360,1.0,Rural,Divorced,1,0,19.0,0
1051,30,85661.0,1230392.0,240,0.0,Rural,Single,1,0,26.0,0
1052,60,146945.0,1826199.0,240,1.0,Urban,Divorced,0,1,,0
1053,58,65272.0,375709.0,300,1.0,Rural,Single,1,0,47.0,0
1054,26,109393.0,1824290.0,180,0.0,Urban,Married,1,0,44.0,0
1055,28,81212.0,274023.0,300,1.0,Rural,Divorced,1,1,41.0,0
1056,43,144088.0,977611.0,300,1.0,Rural,Divorced,0,0,38.0,0
1057,46,35398.0,647936.0,240,1.0,Semiurban,Divorced,0,0,48.0,0
1058,63,140030.0,543945.0,180,0.0,Rural,Single,1,0,38.0,0
1059,32,76503.0,1190547.0,360,1.0,Semiurban,Single,0,0,39.0,0
1060,46,26638.0,118658.0,240,1.0,Rural,Married,1,0,46.0,0
1061,33,26570.0,121253.0,360,0.0,Urban,Divorced,1,0,23.0,0
1062,60,88785.0,1605958.0,360,,Urban,Divorced,1,0,12.0,0
1063,38,29110.0,279635.0,180,1.0,Rural,Single,1,0,43.0,0
1064,45,125899.0,257462.0,300,0.0,Rural,Single,1,0,,0
1065,53,99141.0,1499384.0,180,1.0,Urban,Married,0,0,48.0,0
1066,60,32115.0,1855514.0,360,1.0,Rural,Married,0,0,32.0,0
1067,63,59062.0,310097.0,240,1.0,Semiurban,Single,1,1,41.0,0
1068,32,42911.0,728138.0,360,1.0,Semiurban,Divorced,1,0,29.0,0
1069,64,124061.0,1050162.0,240,,Semiurban,Married,1,1,40.0,0
1070,56,52556.0,,240,0.0,Semiurban,Single,1,0,21.0,0
1071,24,98131.0,620498.0,180,1.0,Semiurban,Single,1,1,28.0,0
1072,25,148335.0,1374634.0,360,1.0,Rural,Divorced,0,1,25.0,0
1073,57,21969.0,757911.0,300,1.0,Rural,Single,0,0,6.0,0
1074,28,63753.0,958379.0,360,0.0,Semiurban,Single,0,0,,0
1075,62,102811.0,1733865.0,360,0.0,Rural,Married,1,0,48.0,0
1076,48,24470.0,1328807.0,300,0.0,Rural,Single,1,0,37.0,0
1077,51,141863.0,222775.0,180,1.0,Semiurban,Single,1,0,34.0,0
1078,29,30225.0,1069211.0,360,,Rural,Married,1,1,16.0,0
1079,49,127860.0,1706107.0,360,1.0,Rural,Divorced,1,0,48.0,1
1080,34,143008.0,777160.0,240,1.0,Rural,Divorced,1,0,16.0,0
1081,60,127510.0,419972.0,360,1.0,Semiurban,Married,0,0,28.0,0
1082,61,128295.0,1410292.0,300,1.0,Rural,Married,1,0,28.0,0
1083,42,43196.0,1549031.0,240,0.0,Urban,Divorced,1,1,15.0,0
1084,31,125823.0,368854.0,180,1.0,Urban,Divorced,0,1,17.0,0
1085,43,33669.0,514600.0,240,1.0,Semiurban,Divorced,1,0,31.0,0
1086,21,57380.0,271918.0,300,1.0,Urban,Divorced,1,0,,0
1087,57,144398.0,319055.0,300,1.0,Semiurban,Divorced,0,0,14.0,0
1088,41,130677.0,1448711.0,240,1.0,Urban,Married,1,1,12.0,0
1089,46,135886.0,834417.0,180,0.0,Urban,Single,1,0,24.0,0
1090,56,146753.0,1130697.0,240,0.0,Urban,Divorced,0,0,12.0,0
1091,43,68320.0,1548763.0,180,1.0,Semiurban,Divorced,1,1,,0
1092,21,67414.0,522355.0,240,1.0,Semiurban,Single,0,0,11.0,0
1093,60,123542.0,971877.0,300,0.0,Rural,Single,1,1,18.0,0
1094,35,35577.0,1356715.0,360,1.0,Semiurban,Single,0,0,32.0,0
1095,41,145354.0,180257.0,360,1.0,Urban,Single,1,1,6.0,0
1096,29,108009.0,1626534.0,180,0.0,Urban,Single,1,0,47.0,0
1097,29,146365.0,924143.0,180,,Semiurban,Single,0,0,12.0,0
1098,30,75409.0,1155106.0,180,1.0,Semiurban,Married,1,0,17.0,0
1099,46,48625.0,1421836.0,300,0.0,Semiurban,Single,1,1,25.0,0
1100,61,101040.0,1738658.0,240,1.0,Rural,Single,1,0,32.0,0
1101,55,44089.0,1017786.0,300,1.0,Urban,Married,1,0,39.0,0
1102,45,56487.0,310545.0,360,1.0,Rural,Single,1,0,27.0,0
1103,46,85838.0,1805834.0,180,1.0,Rural,Divorced,0,0,19.0,0
1104,31,116999.0,628423.0,240,1.0,Urban,Divorced,0,0,6.0,0
1105,58,130448.0,1024133.0,360,1.0,Urban,Single,1,1,16.0,0
1106,22,114795.0,471616.0,360,1.0,Semiurban,Married,1,0,40.0,0
1107,27,70138.0,1626912.0,360,1.0,Semiurban,Divorced,1,0,7.0,0
1108,38,62823.0,875158.0,300,0.0,Rural,Married,1,0,9.0,0
1109,47,57208.0,713375.0,180,0.0,Semiurban,Divorced,1,0,7.0,0
1110,54,74061.0,1868967.0,360,0.0,Semiurban,Single,1,0,23.0,0
1111,47,,1968388.0,180,1.0,Urban,Married,0,0,6.0,0
1112,37,149824.0,1016383.0,300,,Urban,Married,0,0,48.0,0
1113,63,121376.0,,360,1.0,Semiurban,Married,1,0,41.0,0
1114,64,51890.0,1168650.0,300,0.0,Urban,Divorced,1,1,21.0,0
1115,44,99134.0,846084.0,300,,Semiurban,Divorced,1,0,18.0,0
1116,45,67055.0,1740707.0,180,1.0,Urban,Divorced,0,0,32.0,0
1117,27,132269.0,1188477.0,360,1.0,Urban,Single,1,1,31.0,0
1118,26,39508.0,373349.0,300,0.0,Urban,Divorced,1,1,14.0,0
1119,44,62287.0,1940914.0,360,,Urban,Single,0,0,7.0,1
1120,53,98916.0,495807.0,180,1.0,Semiurban,Married,1,0,40.0,0
1121,49,46984.0,,300,0.0,Rural,Married,1,1,42.0,0
1122,63,130169.0,1491405.0,180,1.0,Urban,Single,1,0,29.0,0
1123,42,28125.0,1521174.0,360,1.0,Semiurban,Divorced,1,0,26.0,0
1124,46,56059.0,1516207.0,360,0.0,Semiurban,Single,1,0,43.0,0
1125,48,89569.0,678688.0,180,,Urban,Married,0,0,34.0,0
1126,41,123409.0,,240,1.0,Rural,Married,0,0,25.0,0
1127,27,37087.0,131852.0,300,1.0,Urban,Single,1,1,,0
1128,37,126437.0,1060374.0,360,0.0,Semiurban,Divorced,1,0,32.0,0
1129,40,135262.0,,360,0.0,Rural,Divorced,0,0,35.0,0
1130,61,25704.0,1987764.0,300,1.0,Semiurban,Single,1,0,30.0,0
1131,40,80576.0,477501.0,180,0.0,Urban,Single,1,0,47.0,0
1132,42,93384.0,1791916.0,180,1.0,Rural,Divorced,1,1,26.0,0
1133,48,107128.0,1205057.0,180,,Semiurban,Married,0,0,25.0,0
1134,60,131279.0,1936291.0,240,1.0,Semiurban,Single,1,1,5.0,0
1135,27,92460.0,133691.0,240,1.0,Semiurban,Divorced,0,0,41.0,0
1136,21,47208.0,494341.0,360,1.0,Urban,Divorced,1,0,17.0,0
1137,52,138516.0,,180,0.0,Rural,Married,1,1,25.0,0
1138,33,149612.0,1146238.0,300,1.0,Urban,Married,1,0,13.0,0
1139,50,105150.0,1699034.0,360,0.0,Urban,Married,0,0,21.0,0
1140,43,86024.0,632726.0,300,0.0,Urban,Married,0,1,25.0,0
1141,39,59882.0,1955103.0,360,1.0,Rural,Married,1,0,35.0,0
1142,52,45923.0,1820090.0,240,1.0,Urban,Single,1,1,43.0,0
1143,50,146561.0,1549796.0,360,1.0,Urban,Divorced,1,1,26.0,0
1144,49,134044.0,896184.0,240,0.0,Urban,Single,1,0,16.0,0
1145,49,121477.0,1204002.0,360,1.0,Urban,Single,1,0,10.0,0
1146,50,49165.0,339968.0,180,0.0,Semiurban,Single,0,0,20.0,0
1147,36,87203.0,388963.0,300,1.0,Urban,Single,0,0,30.0,0
1148,60,,595384.0,180,0.0,Semiurban,Single,0,1,9.0,0
1149,39,24114.0,978483.0,360,1.0,Urban,Married,0,1,13.0,0
1150,38,84965.0,621121.0,360,1.0,Rural,Married,1,0,44.0,0
1151,21,56321.0,1303865.0,360,1.0,Semiurban,Divorced,1,0,18.0,0
1152,34,93297.0,1410077.0,240,1.0,Semiurban,Single,1,0,48.0,0
1153,22,116652.0,619165.0,300,1.0,Semiurban,Divorced,0,0,46.0,0
1154,48,119304.0,319780.0,300,1.0,Semiurban,Married,0,1,34.0,0
1155,50,133942.0,1443714.0,360,0.0,Rural,Married,0,0,,0
1156,58,,1818972.0,360,0.0,Urban,Married,0,1,49.0,0
1157,24,37772.0,1881211.0,240,1.0,Semiurban,Single,1,0,33.0,0
1158,21,123754.0,,180,1.0,Rural,Single,1,1,23.0,0
1159,28,23712.0,542632.0,180,1.0,Semiurban,Married,0,0,12.0,0
1160,49,21367.0,1027091.0,300,0.0,Urban,Divorced,0,0,27.0,0
1161,59,126493.0,1127557.0,240,1.0,Semiurban,Divorced,0,0,46.0,0
1162,23,127317.0,1244241.0,360,1.0,Rural,Married,0,1,39.0,0
1163,52,135142.0,1804581.0,300,1.0,Urban,Divorced,1,0,35.0,0
1164,30,111736.0,1310578.0,240,1.0,Rural,Married,0,0,39.0,0
1165,30,71924.0,1410267.0,180,1.0,Urban,Divorced,1,0,36.0,0
1166,39,,1754699.0,240,0.0,Urban,Married,1,0,9.0,0
1167,54,109152.0,,180,1.0,Urban,Divorced,1,0,20.0,0
1168,53,47723.0,1891425.0,240,1.0,Semiurban,Single,1,1,21.0,0
1169,43,146969.0,1593934.0,300,1.0,Rural,Married,1,0,36.0,0
1170,48,123110.0,1391627.0,180,0.0,Rural,Married,0,0,42.0,0
1171,52,120494.0,1306123.0,300,0.0,Rural,Divorced,1,0,36.0,0
1172,27,29108.0,512104.0,300,1.0,Urban,Married,1,0,24.0,0
1173,49,97714.0,1716596.0,180,1.0,Semiurban,Married,0,0,6.0,0
1174,28,55643.0,1885559.0,180,1.0,Urban,Married,1,0,24.0,0
1175,21,51324.0,408449.0,360,1.0,Rural,Single,1,0,22.0,0
1176,23,123896.0,1849973.0,360,1.0,Semiurban,Single,1,0,5.0,0
1177,44,103360.0,633634.0,360,0.0,Semiurban,Divorced,0,1,33.0,0
1178,43,130896.0,1935595.0,300,1.0,Semiurban,Single,0,0,33.0,0
1179,28,28927.0,1161339.0,300,1.0,Rural,Divorced,1,1,23.0,0
1180,57,113680.0,290237.0,360,1.0,Semiurban,Single,0,0,48.0,0
1181,23,116546.0,1911417.0,300,1.0,Semiurban,Divorced,1,0,44.0,0
1182,53,,956047.0,300,1.0,Urban,Single,1,0,10.0,0
1183,48,99973.0,529332.0,180,1.0,Urban,Single,0,0,48.0,0
1184,28,83449.0,745275.0,180,1.0,Semiurban,Divorced,1,1,43.0,0
1185,54,129834.0,,300,0.0,Semiurban,Married,1,1,12.0,0
1186,55,125314.0,1239929.0,360,0.0,Urban,Married,0,0,,0
1187,52,96743.0,321373.0,240,1.0,Urban,Single,1,0,24.0,0
1188,44,141805.0,1506368.0,360,0.0,Urban,Divorced,1,0,18.0,0
1189,34,80233.0,649844.0,240,0.0,Rural,Married,1,0,9.0,0
1190,52,45537.0,945474.0,360,1.0,Rural,Divorced,1,0,45.0,0
1191,63,121293.0,1690963.0,180,1.0,Urban,Married,1,1,44.0,0
1192,36,97576.0,471233.0,300,1.0,Semiurban,Divorced,1,1,38.0,0
1193,24,127522.0,1324744.0,300,0.0,Urban,Single,1,1,20.0,0
1194,57,42612.0,1875922.0,180,0.0,Rural,Divorced,1,1,49.0,0
1195,41,113977.0,768590.0,240,0.0,Semiurban,Married,1,0,11.0,0
1196,34,26471.0,1570801.0,240,0.0,Rural,Single,1,0,20.0,0
1197,51,55631.0,1350617.0,240,1.0,Semiurban,Divorced,0,0,11.0,0
1198,38,148449.0,133866.0,180,0.0,Rural,Married,1,0,31.0,0
1199,27,128997.0,1253976.0,240,1.0,Semiurban,Single,1,0,18.0,0
1200,30,112059.0,1487695.0,180,0.0,Semiurban,Divorced,0,1,18.0,0
